timestamp,db_type,db_name,container_name,operation,records,run_id,avg_ms,min_ms,max_ms,cpu_avg,mem_avg_mb,notes
1761081230846,postgresql,star_db,postgres_db,insert,10000,1761081230,82691.19,82691.19,82691.19,-3.3,367.91,
1761081587137,postgresql,star_db,postgres_db,insert,10000,1761081587,89082.12,89082.12,89082.12,2.0,-765.86,
1761082809713,postgresql,star_db,postgres_db,insert,1000,1761082809,8437.97,8437.97,8437.97,11.9,118.39,
1761082847753,postgresql,star_db,postgres_db,select,1000,1761082847,38029.28,38029.28,38029.28,15.0,-300.76,
1761156750767,postgresql,star_db,postgres_db,insert,1000,1761156750,8715.08,8715.08,8715.08,5.8,-43.22,
1761156787109,postgresql,star_db,postgres_db,select,1000,1761156787,36331.11,36331.11,36331.11,10.2,140.55,
1761157089593,postgresql,star_db,postgres_db,insert,1000,1761157089,8755.89,8755.89,8755.89,0.9,-57.41,
1761157125279,postgresql,star_db,postgres_db,select,1000,1761157125,35680.25,35680.25,35680.25,9.6,-76.96,
1761157139482,postgresql,star_db,postgres_db,update,1000,1761157139,14190.2,14190.2,14190.2,1.7,171.58,
1761157300221,postgresql,star_db,postgres_db,insert,1000,1761157300,8151.38,8151.38,8151.38,-5.8,-51.95,
1761157336166,postgresql,star_db,postgres_db,select,1000,1761157336,35937.74,35937.74,35937.74,17.0,-90.64,
1761157350197,postgresql,star_db,postgres_db,update,1000,1761157350,14026.74,14026.74,14026.74,12.7,-0.62,
1761157402038,postgresql,star_db,postgres_db,insert,1000,1761157402,8397.63,8397.63,8397.63,10.0,-51.46,
1761157438169,postgresql,star_db,postgres_db,select,1000,1761157438,36124.1,36124.1,36124.1,14.1,-19.14,
1761157452691,postgresql,star_db,postgres_db,update,1000,1761157452,14515.59,14515.59,14515.59,-5.4,49.88,
1761157611493,postgresql,star_db,postgres_db,insert,1000,1761157611,9412.46,9412.46,9412.46,-4.8,-47.52,
1761157647856,postgresql,star_db,postgres_db,select,1000,1761157647,36358.65,36358.65,36358.65,15.7,-157.3,
1761157662118,postgresql,star_db,postgres_db,update,1000,1761157662,14256.49,14256.49,14256.49,-17.6,-169.15,
1761157751573,postgresql,star_db,postgres_db,insert,1000,1761157751,8104.55,8104.55,8104.55,-5.9,22.57,
1761157789181,postgresql,star_db,postgres_db,select,1000,1761157789,37603.94,37603.94,37603.94,18.3,313.93,
1761157805399,postgresql,star_db,postgres_db,update,1000,1761157805,16212.98,16212.98,16212.98,24.6,242.9,
1761157864803,postgresql,star_db,postgres_db,insert,1000,1761157864,10715.84,10715.84,10715.84,12.2,-254.11,
1761157903274,postgresql,star_db,postgres_db,select,1000,1761157903,38466.58,38466.58,38466.58,17.7,-399.96,
1761157920063,postgresql,star_db,postgres_db,update,1000,1761157920,16783.82,16783.82,16783.82,24.4,755.34,
1761158005699,postgresql,star_db,postgres_db,delete,1000,1761158005,85623.2,85623.2,85623.2,-6.2,-593.96,
1761503960591,mysql,star_db,mysql_db,insert,1000,1761503960,9550.63,9550.63,9550.63,0.3,-32.95,
1761505193716,mysql,star_db,mysql_db,insert,1000,1761505193,9708.1,9708.1,9708.1,8.5,15.82,
1761505262510,mysql,star_db,mysql_db,insert,1000,1761505262,9634.01,9634.01,9634.01,9.1,-67.56,
1761505305513,mysql,star_db,mysql_db,insert,1000,1761505305,9737.31,9737.31,9737.31,9.2,12.49,
1761505531430,mysql,star_db,mysql_db,insert,1000,1761505531,9799.55,9799.55,9799.55,-5.8,30.12,
1761506374567,mysql,star_db,mysql_db,insert,1000,1761506374,9820.66,9820.66,9820.66,10.0,-9.87,
1761506536071,mysql,star_db,mysql_db,insert,1000,1761506536,10351.74,10351.74,10351.74,13.2,71.5,
1761506572406,mysql,star_db,mysql_db,select,1000,1761506572,36325.93,36325.93,36325.93,16.6,-36.77,
1761506719255,mysql,star_db,mysql_db,insert,1000,1761506719,9554.64,9554.64,9554.64,8.5,-31.41,
1761506754311,mysql,star_db,mysql_db,select,1000,1761506754,35050.8,35050.8,35050.8,-21.0,-13.18,
1761506769243,mysql,star_db,mysql_db,update,1000,1761506769,14921.73,14921.73,14921.73,8.3,-101.34,
1761506871278,mysql,star_db,mysql_db,insert,1000,1761506871,9841.72,9841.72,9841.72,-2.7,-3.72,
1761506906439,mysql,star_db,mysql_db,select,1000,1761506906,35154.18,35154.18,35154.18,13.9,-42.88,
1761506921833,mysql,star_db,mysql_db,update,1000,1761506921,15390.5,15390.5,15390.5,16.9,-68.94,
1761506978764,mysql,star_db,mysql_db,delete,1000,1761506978,56919.93,56919.93,56919.93,-4.7,166.92,
1761506989896,postgresql,star_db,postgres_db,insert,1000,1761506989,8488.14,8488.14,8488.14,-5.0,-9.31,
1761507230602,mysql,star_db,mysql_db,insert,10,1761507230,203.34,203.34,203.34,73.3,259.79,
1761507231187,mysql,star_db,mysql_db,select,10,1761507231,568.53,568.53,568.53,-22.4,-181.68,
1761507231370,mysql,star_db,mysql_db,update,10,1761507231,176.53,176.53,176.53,49.5,-0.03,
1761507231598,mysql,star_db,mysql_db,delete,10,1761507231,222.41,222.41,222.41,19.6,-3.48,
1761507234240,postgresql,star_db,postgres_db,insert,10,1761507234,95.26,95.26,95.26,-3.6,3.15,
1761507234732,postgresql,star_db,postgres_db,select,10,1761507234,487.79,487.79,487.79,1.7,70.9,
1761507234882,postgresql,star_db,postgres_db,update,10,1761507234,146.51,146.51,146.51,9.2,-0.02,
1761507235710,postgresql,star_db,postgres_db,delete,10,1761507235,822.12,822.12,822.12,25.7,81.91,
1761507323140,mysql,star_db,mysql_db,insert,1000,1761507323,9862.19,9862.19,9862.19,-0.6,18.8,
1761507358461,mysql,star_db,mysql_db,select,1000,1761507358,35315.27,35315.27,35315.27,15.1,117.71,
1761507374143,mysql,star_db,mysql_db,update,1000,1761507374,15675.02,15675.02,15675.02,18.4,84.3,
1761507430328,mysql,star_db,mysql_db,delete,1000,1761507430,56178.51,56178.51,56178.51,2.5,-117.31,
1761507441578,postgresql,star_db,postgres_db,insert,1000,1761507441,8493.49,8493.49,8493.49,-2.0,14.52,
1761507479987,postgresql,star_db,postgres_db,select,1000,1761507479,38405.89,38405.89,38405.89,14.2,29.4,
1761507495424,postgresql,star_db,postgres_db,update,1000,1761507495,15431.04,15431.04,15431.04,-9.6,27.89,
1761507573509,postgresql,star_db,postgres_db,delete,1000,1761507573,78079.09,78079.09,78079.09,-8.2,329.07,
1761509994148,mysql,star_db,mysql_db,insert,10,1761509994,138.09,138.09,138.09,1.6,9.29,
1761509994668,mysql,star_db,mysql_db,select,10,1761509994,514.08,514.08,514.08,44.3,31.44,
1761509994872,mysql,star_db,mysql_db,update,10,1761509994,199.7,199.7,199.7,38.1,9.45,
1761509995105,mysql,star_db,mysql_db,delete,10,1761509995,227.42,227.42,227.42,13.9,-6.36,
1761509997830,postgresql,star_db,postgres_db,insert,10,1761509997,150.18,150.18,150.18,-0.2,-2.13,
1761509998322,postgresql,star_db,postgres_db,select,10,1761509998,488.41,488.41,488.41,9.4,-3.04,
1761509998472,postgresql,star_db,postgres_db,update,10,1761509998,146.26,146.26,146.26,6.0,-7.54,
1761509999232,postgresql,star_db,postgres_db,delete,10,1761509999,753.77,753.77,753.77,0.3,14.39,
1761510077465,mysql,star_db,mysql_db,insert,1000,1761510077,10258.25,10258.25,10258.25,5.4,-489.66,
1761510114106,mysql,star_db,mysql_db,select,1000,1761510114,36635.89,36635.89,36635.89,15.3,117.8,
1761510129388,mysql,star_db,mysql_db,update,1000,1761510129,15275.92,15275.92,15275.92,14.4,11.27,
1761510187310,mysql,star_db,mysql_db,delete,1000,1761510187,57916.31,57916.31,57916.31,15.6,274.8,
1761510198968,postgresql,star_db,postgres_db,insert,1000,1761510198,9040.53,9040.53,9040.53,8.2,19.31,
1761510238252,postgresql,star_db,postgres_db,select,1000,1761510238,39280.04,39280.04,39280.04,17.4,168.8,
1761510253290,postgresql,star_db,postgres_db,update,1000,1761510253,15032.59,15032.59,15032.59,14.2,40.63,
1761510333172,postgresql,star_db,postgres_db,delete,1000,1761510333,79877.9,79877.9,79877.9,15.1,-242.84,
1761510409369,mysql,star_db,mysql_db,insert,10,1761510409,133.43,133.43,133.43,4.5,-0.06,
1761510409745,mysql,star_db,mysql_db,select,10,1761510409,370.81,370.81,370.81,18.5,-1.22,
1761510409923,mysql,star_db,mysql_db,update,10,1761510409,174.2,174.2,174.2,28.8,5.86,
1761510410155,mysql,star_db,mysql_db,delete,10,1761510410,226.31,226.31,226.31,20.8,-11.91,
1761510412883,postgresql,star_db,postgres_db,insert,10,1761510412,167.57,167.57,167.57,60.2,56.5,
1761510413318,postgresql,star_db,postgres_db,select,10,1761510413,429.7,429.7,429.7,25.7,-17.69,
1761510413484,postgresql,star_db,postgres_db,update,10,1761510413,160.74,160.74,160.74,3.7,-1.52,
1761510414260,postgresql,star_db,postgres_db,delete,10,1761510414,771.27,771.27,771.27,17.2,3.62,
1761510515220,mysql,star_db,mysql_db,insert,10,1761510515,117.1,117.1,117.1,8.8,1.08,
1761510515582,mysql,star_db,mysql_db,select,10,1761510515,357.24,357.24,357.24,7.6,-0.48,
1761510515745,mysql,star_db,mysql_db,update,10,1761510515,157.11,157.11,157.11,4.3,-8.13,
1761510515980,mysql,star_db,mysql_db,delete,10,1761510515,229.2,229.2,229.2,16.4,-1.82,
1761510518616,postgresql,star_db,postgres_db,insert,10,1761510518,96.97,96.97,96.97,2.6,-0.87,
1761510519019,postgresql,star_db,postgres_db,select,10,1761510519,399.09,399.09,399.09,4.5,-25.23,
1761510519194,postgresql,star_db,postgres_db,update,10,1761510519,169.99,169.99,169.99,-1.7,11.57,
1761510520050,postgresql,star_db,postgres_db,delete,10,1761510520,852.09,852.09,852.09,2.7,8.73,
1761510656129,mysql,star_db,mysql_db,insert,10,1761510656,121.12,121.12,121.12,-7.7,-0.16,
1761510656479,mysql,star_db,mysql_db,select,10,1761510656,345.9,345.9,345.9,-6.4,-0.45,
1761510656648,mysql,star_db,mysql_db,update,10,1761510656,164.4,164.4,164.4,14.8,-0.28,
1761510656896,mysql,star_db,mysql_db,delete,10,1761510656,242.89,242.89,242.89,22.1,-0.27,
1761510659577,postgresql,star_db,postgres_db,insert,10,1761510659,96.72,96.72,96.72,8.0,0.05,
1761510659971,postgresql,star_db,postgres_db,select,10,1761510659,390.71,390.71,390.71,10.7,5.72,
1761510660135,postgresql,star_db,postgres_db,update,10,1761510660,156.78,156.78,156.78,-2.6,-0.74,
1761510660933,postgresql,star_db,postgres_db,delete,10,1761510660,791.62,791.62,791.62,20.7,-11.42,
1761510922857,mysql,star_db,mysql_db,insert,10,1761510922,132.73,132.73,132.73,-2.1,5.09,
1761510923312,mysql,star_db,mysql_db,select,10,1761510923,450.82,450.82,450.82,34.6,15.25,
1761510923484,mysql,star_db,mysql_db,update,10,1761510923,167.16,167.16,167.16,16.9,2.85,
1761510923742,mysql,star_db,mysql_db,delete,10,1761510923,254.54,254.54,254.54,25.2,19.2,
1761510926514,postgresql,star_db,postgres_db,insert,10,1761510926,133.3,133.3,133.3,-2.2,0.23,
1761510927007,postgresql,star_db,postgres_db,select,10,1761510927,489.68,489.68,489.68,12.2,19.6,
1761510927166,postgresql,star_db,postgres_db,update,10,1761510927,153.69,153.69,153.69,9.8,-10.58,
1761510927949,postgresql,star_db,postgres_db,delete,10,1761510927,779.27,779.27,779.27,8.2,6.82,
1761511244885,mysql,star_db,mysql_db,insert,10,1761511244,115.17,115.17,115.17,2.4,1.36,
1761511245274,mysql,star_db,mysql_db,select,10,1761511245,383.72,383.72,383.72,6.6,16.36,
1761511245573,mysql,star_db,mysql_db,update,10,1761511245,294.55,294.55,294.55,70.5,80.04,
1761511245823,mysql,star_db,mysql_db,delete,10,1761511245,245.17,245.17,245.17,28.3,-42.3,
1761511248537,postgresql,star_db,postgres_db,insert,10,1761511248,132.46,132.46,132.46,-1.6,-0.53,
1761511249020,postgresql,star_db,postgres_db,select,10,1761511249,477.22,477.22,477.22,-0.5,46.45,
1761511249171,postgresql,star_db,postgres_db,update,10,1761511249,143.46,143.46,143.46,-0.5,0.0,
1761511249918,postgresql,star_db,postgres_db,delete,10,1761511249,741.57,741.57,741.57,13.3,11.75,
1761511423997,mysql,star_db,mysql_db,insert,10,1761511423,163.16,163.16,163.16,12.3,11.44,
1761511424384,mysql,star_db,mysql_db,select,10,1761511423,382.21,382.21,382.21,14.2,4.77,
1761511424546,mysql,star_db,mysql_db,update,10,1761511423,157.86,157.86,157.86,7.5,-4.34,
1761511424781,mysql,star_db,mysql_db,delete,10,1761511423,227.83,227.83,227.83,8.7,-0.1,
1761511427577,postgresql,star_db,postgres_db,insert,10,1761511427,146.85,146.85,146.85,-2.9,-24.95,
1761511428093,postgresql,star_db,postgres_db,select,10,1761511427,511.82,511.82,511.82,18.0,38.43,
1761511428350,postgresql,star_db,postgres_db,update,10,1761511427,253.2,253.2,253.2,73.2,-3.73,
1761511429280,postgresql,star_db,postgres_db,delete,10,1761511427,924.76,924.76,924.76,-35.2,-106.27,
1761511959380,mysql,star_db,mysql_db,insert,10,1761511959,121.1,121.1,121.1,2.4,10.2,
1761511959769,mysql,star_db,mysql_db,select,10,1761511959,384.74,384.74,384.74,-1.4,4.16,
1761511959932,mysql,star_db,mysql_db,update,10,1761511959,157.07,157.07,157.07,-4.9,4.68,
1761511960164,mysql,star_db,mysql_db,delete,10,1761511959,227.6,227.6,227.6,11.5,2.85,
1761511962885,postgresql,star_db,postgres_db,insert,10,1761511962,140.77,140.77,140.77,-7.8,0.9,
1761511963363,postgresql,star_db,postgres_db,select,10,1761511962,474.79,474.79,474.79,8.9,40.48,
1761511963521,postgresql,star_db,postgres_db,update,10,1761511962,151.49,151.49,151.49,-3.3,-16.51,
1761511964453,postgresql,star_db,postgres_db,delete,10,1761511962,926.32,926.32,926.32,22.4,22.54,
1761512366757,mysql,star_db,mysql_db,insert,10,1761512363,136.43,136.43,136.43,-2.2,1.17,
1761512367175,mysql,star_db,mysql_db,select,10,1761512363,413.83,413.83,413.83,-6.7,-20.78,
1761512367347,mysql,star_db,mysql_db,update,10,1761512363,166.41,166.41,166.41,-13.6,5.32,
1761512367574,mysql,star_db,mysql_db,delete,10,1761512363,221.1,221.1,221.1,-4.5,1.98,
1761512370245,postgresql,star_db,postgres_db,insert,10,1761512363,161.56,161.56,161.56,17.1,-0.11,
1761512370770,postgresql,star_db,postgres_db,select,10,1761512363,521.08,521.08,521.08,17.3,49.43,
1761512370922,postgresql,star_db,postgres_db,update,10,1761512363,147.36,147.36,147.36,12.4,-2.58,
1761512371676,postgresql,star_db,postgres_db,delete,10,1761512363,747.55,747.55,747.55,13.8,16.37,
1761512599032,mysql,star_db,mysql_db,insert,10,1761512595,155.13,155.13,155.13,9.0,-4.79,
1761512599443,mysql,star_db,mysql_db,select,10,1761512595,406.83,406.83,406.83,21.8,13.11,
1761512599599,mysql,star_db,mysql_db,update,10,1761512595,150.29,150.29,150.29,-2.4,1.77,
1761512599825,mysql,star_db,mysql_db,delete,10,1761512595,221.65,221.65,221.65,-0.5,1.98,
1761512602584,postgresql,star_db,postgres_db,insert,10,1761512595,149.31,149.31,149.31,0.6,-1.61,
1761512603068,postgresql,star_db,postgres_db,select,10,1761512595,479.44,479.44,479.44,-4.7,45.0,
1761512603216,postgresql,star_db,postgres_db,update,10,1761512595,140.94,140.94,140.94,-18.5,0.37,
1761512603921,postgresql,star_db,postgres_db,delete,10,1761512595,701.75,701.75,701.75,15.6,8.82,
1761512658662,mysql,star_db,mysql_db,insert,1000,1761512645,9827.47,9827.47,9827.47,10.1,-2.28,
1761512694927,mysql,star_db,mysql_db,select,1000,1761512645,36258.78,36258.78,36258.78,-6.8,-267.09,
1761512710241,mysql,star_db,mysql_db,update,1000,1761512645,15308.61,15308.61,15308.61,8.2,20.88,
1761512768132,mysql,star_db,mysql_db,delete,1000,1761512645,57884.53,57884.53,57884.53,-1.5,-159.2,
1761512779646,postgresql,star_db,postgres_db,insert,1000,1761512645,8920.81,8920.81,8920.81,13.3,16.72,
1761512821355,postgresql,star_db,postgres_db,select,1000,1761512645,41705.22,41705.22,41705.22,11.0,782.3,
1761512837348,postgresql,star_db,postgres_db,update,1000,1761512645,15985.43,15985.43,15985.43,18.5,-58.16,
1761512919134,postgresql,star_db,postgres_db,delete,1000,1761512645,81781.71,81781.71,81781.71,8.5,102.49,
1761599344330,mongo,star_db,mongo6_db,insert,10,1761599341,424.82,424.82,424.82,-2.7,94.53,
1761599347272,mongo,star_db,mongo8_db,insert,10,1761599341,383.11,383.11,383.11,-1.2,9.53,
1761599351733,mysql,star_db,mysql_db,insert,10,1761599341,124.57,124.57,124.57,4.1,0.29,
1761599352131,mysql,star_db,mysql_db,select,10,1761599341,393.78,393.78,393.78,2.0,5.75,
1761599352295,mysql,star_db,mysql_db,update,10,1761599341,158.56,158.56,158.56,10.0,-0.02,
1761599352541,mysql,star_db,mysql_db,delete,10,1761599341,241.03,241.03,241.03,-3.3,3.87,
1761599355270,postgresql,star_db,postgres_db,insert,10,1761599341,145.37,145.37,145.37,19.0,15.08,
1761599355785,postgresql,star_db,postgres_db,select,10,1761599341,510.78,510.78,510.78,14.0,52.21,
1761599355949,postgresql,star_db,postgres_db,update,10,1761599341,158.34,158.34,158.34,9.9,0.26,
1761599356828,postgresql,star_db,postgres_db,delete,10,1761599341,873.82,873.82,873.82,9.0,8.79,
1761600247596,mongo,star_db,mongo6_db,insert,10,1761600245,24.45,24.45,24.45,9.2,-1.29,
1761600250113,mongo,star_db,mongo8_db,insert,10,1761600245,21.28,21.28,21.28,-0.9,0.0,
1761600253315,mysql,star_db,mysql_db,insert,10,1761600245,144.19,144.19,144.19,11.2,0.03,
1761600253725,mysql,star_db,mysql_db,select,10,1761600245,404.39,404.39,404.39,20.0,-2.46,
1761600253900,mysql,star_db,mysql_db,update,10,1761600245,169.95,169.95,169.95,14.3,9.79,
1761600254134,mysql,star_db,mysql_db,delete,10,1761600245,228.27,228.27,228.27,14.4,0.72,
1761600256860,postgresql,star_db,postgres_db,insert,10,1761600245,141.64,141.64,141.64,2.7,-0.44,
1761600257368,postgresql,star_db,postgres_db,select,10,1761600245,504.57,504.57,504.57,1.9,27.71,
1761600257525,postgresql,star_db,postgres_db,update,10,1761600245,152.57,152.57,152.57,9.9,2.11,
1761600258455,postgresql,star_db,postgres_db,delete,10,1761600245,924.3,924.3,924.3,10.4,16.77,
1761600559695,mongo,star_db,mongo6_db,insert,10,1761600557,28.02,28.02,28.02,19.6,-0.88,
1761600559708,mongo,star_db,mongo6_db,select,10,1761600557,2.87,2.87,2.87,0.0,-0.03,
1761600562251,mongo,star_db,mongo8_db,insert,10,1761600557,34.0,34.0,34.0,1.0,-0.07,
1761600562259,mongo,star_db,mongo8_db,select,10,1761600557,3.09,3.09,3.09,-11.1,-0.0,
1761600566502,mysql,star_db,mysql_db,insert,10,1761600557,130.46,130.46,130.46,6.3,0.5,
1761600566916,mysql,star_db,mysql_db,select,10,1761600557,409.12,409.12,409.12,28.0,18.45,
1761600567084,mysql,star_db,mysql_db,update,10,1761600557,162.23,162.23,162.23,20.2,2.64,
1761600567322,mysql,star_db,mysql_db,delete,10,1761600557,233.54,233.54,233.54,14.6,3.1,
1761600569984,postgresql,star_db,postgres_db,insert,10,1761600557,145.12,145.12,145.12,3.7,-0.06,
1761600570478,postgresql,star_db,postgres_db,select,10,1761600557,489.7,489.7,489.7,-0.3,46.64,
1761600570631,postgresql,star_db,postgres_db,update,10,1761600557,148.61,148.61,148.61,14.6,-0.29,
1761600571416,postgresql,star_db,postgres_db,delete,10,1761600557,778.73,778.73,778.73,11.6,12.5,
1761600893687,mongo,star_db,mongo6_db,insert,10,1761600891,31.35,31.35,31.35,8.7,0.17,
1761600893697,mongo,star_db,mongo6_db,select,10,1761600891,3.7,3.7,3.7,-11.1,-0.0,
1761600893708,mongo,star_db,mongo6_db,update,10,1761600891,1.9,1.9,1.9,-14.3,0.0,
1761600896270,mongo,star_db,mongo8_db,insert,10,1761600891,22.6,22.6,22.6,11.7,0.06,
1761600896277,mongo,star_db,mongo8_db,select,10,1761600891,2.66,2.66,2.66,0.0,0.0,
1761600896283,mongo,star_db,mongo8_db,update,10,1761600891,1.5,1.5,1.5,10.0,0.0,
1761600899637,mysql,star_db,mysql_db,insert,10,1761600891,141.0,141.0,141.0,15.3,7.27,
1761600900057,mysql,star_db,mysql_db,select,10,1761600891,414.42,414.42,414.42,31.6,15.35,
1761600900225,mysql,star_db,mysql_db,update,10,1761600891,163.33,163.33,163.33,14.1,2.56,
1761600900471,mysql,star_db,mysql_db,delete,10,1761600891,238.35,238.35,238.35,9.1,11.73,
1761600903127,postgresql,star_db,postgres_db,insert,10,1761600891,151.54,151.54,151.54,7.7,-4.21,
1761600903649,postgresql,star_db,postgres_db,select,10,1761600891,517.62,517.62,517.62,25.7,56.41,
1761600903809,postgresql,star_db,postgres_db,update,10,1761600891,154.72,154.72,154.72,14.2,-3.5,
1761600904581,postgresql,star_db,postgres_db,delete,10,1761600891,767.35,767.35,767.35,14.8,26.63,
1761600988704,mongo,star_db,mongo6_db,insert,10,1761600986,26.31,26.31,26.31,5.1,0.19,
1761600988711,mongo,star_db,mongo6_db,select,10,1761600986,2.81,2.81,2.81,-12.5,0.0,
1761600988717,mongo,star_db,mongo6_db,update,10,1761600986,1.17,1.17,1.17,0.0,0.0,
1761600988725,mongo,star_db,mongo6_db,delete,10,1761600986,1.42,1.42,1.42,-25.0,0.0,
1761600991262,mongo,star_db,mongo8_db,insert,10,1761600986,43.3,43.3,43.3,2.5,0.01,
1761600991268,mongo,star_db,mongo8_db,select,10,1761600986,1.89,1.89,1.89,0.0,0.0,
1761600991274,mongo,star_db,mongo8_db,update,10,1761600986,1.51,1.51,1.51,0.0,0.06,
1761600991279,mongo,star_db,mongo8_db,delete,10,1761600986,1.93,1.93,1.93,0.0,0.0,
1761600995587,mysql,star_db,mysql_db,insert,10,1761600986,146.63,146.63,146.63,18.0,-10.95,
1761600995979,mysql,star_db,mysql_db,select,10,1761600986,384.95,384.95,384.95,8.2,10.28,
1761600996138,mysql,star_db,mysql_db,update,10,1761600986,154.39,154.39,154.39,9.4,0.7,
1761600996391,mysql,star_db,mysql_db,delete,10,1761600986,248.42,248.42,248.42,14.1,-3.21,
1761600999078,postgresql,star_db,postgres_db,insert,10,1761600986,151.14,151.14,151.14,5.4,0.5,
1761600999588,postgresql,star_db,postgres_db,select,10,1761600986,504.83,504.83,504.83,2.2,42.66,
1761600999744,postgresql,star_db,postgres_db,update,10,1761600986,151.6,151.6,151.6,15.7,0.0,
1761601000502,postgresql,star_db,postgres_db,delete,10,1761600986,750.94,750.94,750.94,10.9,15.21,
1761601517460,mongo,star_db,mongo6_db,insert,10,1761601514,47.08,47.08,47.08,13.9,1.77,
1761601517466,mongo,star_db,mongo6_db,select,10,1761601514,1.47,1.47,1.47,0.0,0.0,
1761601517472,mongo,star_db,mongo6_db,update,10,1761601514,1.62,1.62,1.62,21.4,0.0,
1761601517477,mongo,star_db,mongo6_db,delete,10,1761601514,1.56,1.56,1.56,0.0,0.0,
1761601520067,mongo,star_db,mongo8_db,insert,10,1761601514,35.01,35.01,35.01,10.2,0.74,
1761601520074,mongo,star_db,mongo8_db,select,10,1761601514,2.43,2.43,2.43,0.0,0.0,
1761601520082,mongo,star_db,mongo8_db,update,10,1761601514,2.02,2.02,2.02,22.2,0.0,
1761601520087,mongo,star_db,mongo8_db,delete,10,1761601514,1.79,1.79,1.79,0.0,0.0,
1761601523612,mysql,star_db,mysql_db,insert,10,1761601514,132.29,132.29,132.29,6.9,2.57,
1761601523991,mysql,star_db,mysql_db,select,10,1761601514,373.92,373.92,373.92,10.9,2.85,
1761601524156,mysql,star_db,mysql_db,update,10,1761601514,161.18,161.18,161.18,11.6,-8.68,
1761601524417,mysql,star_db,mysql_db,delete,10,1761601514,255.61,255.61,255.61,12.9,4.41,
1761601527128,postgresql,star_db,postgres_db,insert,10,1761601514,181.0,181.0,181.0,27.3,-0.34,
1761601527669,postgresql,star_db,postgres_db,select,10,1761601514,535.9,535.9,535.9,32.0,71.73,
1761601527849,postgresql,star_db,postgres_db,update,10,1761601514,175.09,175.09,175.09,-58.0,-2.61,
1761601528791,postgresql,star_db,postgres_db,delete,10,1761601514,936.7,936.7,936.7,27.7,12.11,
1761602753215,mongo,star_db,mongo6_db,insert,1000,1761602750,62.99,62.99,62.99,37.2,1.58,
1761602753224,mongo,star_db,mongo6_db,select,1000,1761602750,2.96,2.96,2.96,-25.0,0.0,
1761602753232,mongo,star_db,mongo6_db,update,1000,1761602750,2.43,2.43,2.43,0.0,0.0,
1761602753239,mongo,star_db,mongo6_db,delete,1000,1761602750,2.05,2.05,2.05,-36.4,0.06,
1761602755908,mongo,star_db,mongo8_db,insert,1000,1761602750,67.32,67.32,67.32,13.5,4.04,
1761602755915,mongo,star_db,mongo8_db,select,1000,1761602750,1.79,1.79,1.79,0.0,0.0,
1761602755921,mongo,star_db,mongo8_db,update,1000,1761602750,1.25,1.25,1.25,0.0,0.0,
1761602755927,mongo,star_db,mongo8_db,delete,1000,1761602750,1.6,1.6,1.6,-50.0,0.0,
1761602770605,mysql,star_db,mysql_db,insert,1000,1761602750,10891.24,10891.24,10891.24,9.5,99.78,
1761602810170,mysql,star_db,mysql_db,select,1000,1761602750,39560.07,39560.07,39560.07,12.8,-72.52,
1761602827379,mysql,star_db,mysql_db,update,1000,1761602750,17203.39,17203.39,17203.39,-19.7,31.55,
1761602891995,mysql,star_db,mysql_db,delete,1000,1761602750,64609.99,64609.99,64609.99,13.3,134.71,
1761602904923,postgresql,star_db,postgres_db,insert,1000,1761602750,10206.45,10206.45,10206.45,-8.7,-174.36,
1761602949903,postgresql,star_db,postgres_db,select,1000,1761602750,44976.47,44976.47,44976.47,-4.9,157.9,
1761602966523,postgresql,star_db,postgres_db,update,1000,1761602750,16615.75,16615.75,16615.75,12.8,-18.11,
1761603057294,postgresql,star_db,postgres_db,delete,1000,1761602750,90765.35,90765.35,90765.35,14.6,-369.55,
1761761618538,mongo,star_db,mongo6_db,insert,1000,1761761615,58.62,58.62,58.62,-0.2,5.96,
1761761618555,mongo,star_db,mongo6_db,select,1000,1761761615,2.8,2.8,2.8,-17.6,1.57,
1761761618574,mongo,star_db,mongo6_db,update,1000,1761761615,2.9,2.9,2.9,-18.8,-3.3,
1761761618589,mongo,star_db,mongo6_db,delete,1000,1761761615,2.43,2.43,2.43,-18.8,1.04,
1761761621162,mongo,star_db,mongo8_db,insert,1000,1761761615,46.74,46.74,46.74,-7.6,1.1,
1761761621167,mongo,star_db,mongo8_db,select,1000,1761761615,1.38,1.38,1.38,0.0,0.0,
1761761621171,mongo,star_db,mongo8_db,update,1000,1761761615,1.31,1.31,1.31,0.0,0.0,
1761761621176,mongo,star_db,mongo8_db,delete,1000,1761761615,1.58,1.58,1.58,-5.9,0.0,
1761761637607,mysql,star_db,mysql_db,insert,1000,1761761615,11065.61,11065.61,11065.61,19.5,-26.63,
1761762222687,mongo,star_db,mongo6_db,insert,1000,1761762220,45.14,45.14,45.14,-2.2,1.57,
1761762222693,mongo,star_db,mongo6_db,select,1000,1761762220,1.63,1.63,1.63,-18.8,0.0,
1761762222698,mongo,star_db,mongo6_db,update,1000,1761762220,1.38,1.38,1.38,0.0,0.0,
1761762222704,mongo,star_db,mongo6_db,delete,1000,1761762220,1.38,1.38,1.38,0.0,0.0,
1761762225266,mongo,star_db,mongo8_db,insert,1000,1761762220,60.65,60.65,60.65,2.2,0.74,
1761762225273,mongo,star_db,mongo8_db,select,1000,1761762220,1.91,1.91,1.91,-6.2,0.0,
1761762225279,mongo,star_db,mongo8_db,update,1000,1761762220,2.28,2.28,2.28,0.0,0.0,
1761762225284,mongo,star_db,mongo8_db,delete,1000,1761762220,1.9,1.9,1.9,8.3,0.0,
1761762241595,mysql,star_db,mysql_db,insert,1000,1761762220,11923.09,11923.09,11923.09,6.1,334.71,
1761762510351,mongo,star_db,mongo6_db,insert,1000,1761762507,52.41,52.41,52.41,16.6,3.83,
1761762510380,mongo,star_db,mongo6_db,select,1000,1761762507,23.29,23.29,23.29,41.2,0.07,
1761762510432,mongo,star_db,mongo6_db,update,1000,1761762507,44.28,44.28,44.28,80.0,-22.5,
1761762510463,mongo,star_db,mongo6_db,delete,1000,1761762507,25.73,25.73,25.73,44.1,-5.02,
1761762513103,mongo,star_db,mongo8_db,insert,1000,1761762507,43.87,43.87,43.87,-0.9,0.6,
1761762513121,mongo,star_db,mongo8_db,select,1000,1761762507,14.0,14.0,14.0,6.2,0.0,
1761762513166,mongo,star_db,mongo8_db,update,1000,1761762507,40.68,40.68,40.68,24.5,-0.68,
1761762513204,mongo,star_db,mongo8_db,delete,1000,1761762507,28.76,28.76,28.76,-10.0,-0.92,
1761762528768,mysql,star_db,mysql_db,insert,1000,1761762507,11983.62,11983.62,11983.62,21.8,284.76,
1761762566717,mysql,star_db,mysql_db,select,1000,1761762507,37943.65,37943.65,37943.65,14.1,-161.3,
1761762582684,mysql,star_db,mysql_db,update,1000,1761762507,15957.48,15957.48,15957.48,9.9,-69.33,
1761762640940,mysql,star_db,mysql_db,delete,1000,1761762507,58249.17,58249.17,58249.17,0.3,-132.48,
1761762653043,postgresql,star_db,postgres_db,insert,1000,1761762507,9495.12,9495.12,9495.12,13.9,25.79,
1761762692736,postgresql,star_db,postgres_db,select,1000,1761762507,39688.04,39688.04,39688.04,15.2,187.84,
1761762708449,postgresql,star_db,postgres_db,update,1000,1761762507,15707.94,15707.94,15707.94,9.7,51.63,
1761762790267,postgresql,star_db,postgres_db,delete,1000,1761762507,81813.71,81813.71,81813.71,14.6,-40.02,
1761763129506,mongo,star_db,mongo6_db,insert,100,1761763126,26.42,26.42,26.42,4.8,0.31,
1761763129514,mongo,star_db,mongo6_db,select,100,1761763126,2.77,2.77,2.77,0.0,0.06,
1761763129526,mongo,star_db,mongo6_db,update,100,1761763126,6.41,6.41,6.41,-21.4,0.06,
1761763129537,mongo,star_db,mongo6_db,delete,100,1761763126,5.47,5.47,5.47,30.8,0.0,
1761763132128,mongo,star_db,mongo8_db,insert,100,1761763126,39.45,39.45,39.45,4.5,-1.46,
1761763132136,mongo,star_db,mongo8_db,select,100,1761763126,3.31,3.31,3.31,0.0,0.06,
1761763132147,mongo,star_db,mongo8_db,update,100,1761763126,7.1,7.1,7.1,35.3,0.0,
1761763132159,mongo,star_db,mongo8_db,delete,100,1761763126,6.05,6.05,6.05,30.8,0.0,
1761763137357,mysql,star_db,mysql_db,insert,100,1761763126,1121.6,1121.6,1121.6,1.9,-74.12,
1761763140744,mysql,star_db,mysql_db,select,100,1761763126,3380.39,3380.39,3380.39,-1.1,14.87,
1761763142262,mysql,star_db,mysql_db,update,100,1761763126,1513.31,1513.31,1513.31,14.3,0.21,
1761763146313,mysql,star_db,mysql_db,delete,100,1761763126,4044.7,4044.7,4044.7,17.4,66.08,
1761763149856,postgresql,star_db,postgres_db,insert,100,1761763126,979.29,979.29,979.29,5.5,-5.91,
1761763154097,postgresql,star_db,postgres_db,select,100,1761763126,4236.6,4236.6,4236.6,25.1,75.44,
1761763155624,postgresql,star_db,postgres_db,update,100,1761763126,1522.3,1522.3,1522.3,12.0,-8.56,
1761763163787,postgresql,star_db,postgres_db,delete,100,1761763126,8156.94,8156.94,8156.94,9.2,-78.3,
1762073583155,mongo,star_db,mongo6_db,insert,1000,1762073580,54.83,54.83,54.83,3.1,3.98,
1762073583178,mongo,star_db,mongo6_db,select,1000,1762073580,16.06,16.06,16.06,6.3,1.0,
1762073583220,mongo,star_db,mongo6_db,update,1000,1762073580,35.45,35.45,35.45,6.8,1.19,
1762073583255,mongo,star_db,mongo6_db,delete,1000,1762073580,25.71,25.71,25.71,19.4,0.31,
1762073585571,mongo,star_db,mongo8_db,insert,1000,1762073580,57.34,57.34,57.34,22.1,7.79,
1762073585592,mongo,star_db,mongo8_db,select,1000,1762073580,15.25,15.25,15.25,11.8,1.23,
1762073585640,mongo,star_db,mongo8_db,update,1000,1762073580,43.52,43.52,43.52,-11.5,1.44,
1762073585675,mongo,star_db,mongo8_db,delete,1000,1762073580,28.58,28.58,28.58,3.3,0.69,
1762073865614,mongo,star_db,mongo6_db,insert,1000,1762073863,60.4,60.4,60.4,1.3,-4.93,
1762073865637,mongo,star_db,mongo6_db,select,1000,1762073863,18.39,18.39,18.39,36.8,0.64,
1762073865674,mongo,star_db,mongo6_db,update,1000,1762073863,31.63,31.63,31.63,-1.2,0.16,
1762073865702,mongo,star_db,mongo6_db,delete,1000,1762073863,23.21,23.21,23.21,11.8,0.0,
1762073868278,mongo,star_db,mongo8_db,insert,1000,1762073863,48.23,48.23,48.23,17.5,1.46,
1762073868298,mongo,star_db,mongo8_db,select,1000,1762073863,15.92,15.92,15.92,20.1,1.75,
1762073868349,mongo,star_db,mongo8_db,update,1000,1762073863,47.31,47.31,47.31,19.2,-3.55,
1762073868385,mongo,star_db,mongo8_db,delete,1000,1762073863,31.66,31.66,31.66,37.5,0.26,
1762073882941,mysql,star_db,mysql_db,insert,1000,1762073863,10777.42,10777.42,10777.42,0.6,2.62,
1762074582247,mysql,star_db,mysql_db,select,1000,1762073863,699301.01,699301.01,699301.01,15.4,-216.86,
1762074770339,mongo,star_db,mongo6_db,select,1000,1762074767,19.14,19.14,19.14,35.3,1.11,
1762074770377,mongo,star_db,mongo6_db,update,1000,1762074767,33.14,33.14,33.14,5.2,1.42,
1762074770407,mongo,star_db,mongo6_db,delete,1000,1762074767,24.06,24.06,24.06,13.2,0.18,
1762074773000,mongo,star_db,mongo8_db,insert,1000,1762074767,63.36,63.36,63.36,-14.1,1.37,
1762074773023,mongo,star_db,mongo8_db,select,1000,1762074767,17.55,17.55,17.55,22.7,-0.26,
1762074773071,mongo,star_db,mongo8_db,update,1000,1762074767,43.73,43.73,43.73,10.4,0.35,
1762074773104,mongo,star_db,mongo8_db,delete,1000,1762074767,29.0,29.0,29.0,20.0,-0.3,
1762074787140,mysql,star_db,mysql_db,insert,1000,1762074767,9955.23,9955.23,9955.23,13.3,6.33,
1762078434848,mongo,star_db,mongo6_db,insert,10,1762078432,46.47,46.47,46.47,-3.3,0.14,
1762078434854,mongo,star_db,mongo6_db,select,10,1762078432,1.9,1.9,1.9,0.0,0.0,
1762078434861,mongo,star_db,mongo6_db,update,10,1762078432,1.96,1.96,1.96,-16.7,0.0,
1762078434869,mongo,star_db,mongo6_db,delete,10,1762078432,1.9,1.9,1.9,0.0,0.0,
1762078437438,mongo,star_db,mongo8_db,insert,10,1762078432,20.33,20.33,20.33,2.7,0.04,
1762078437445,mongo,star_db,mongo8_db,select,10,1762078432,3.32,3.32,3.32,0.0,0.0,
1762078437453,mongo,star_db,mongo8_db,update,10,1762078432,2.2,2.2,2.2,21.4,0.0,
1762078437462,mongo,star_db,mongo8_db,delete,10,1762078432,2.26,2.26,2.26,0.0,0.0,
1762078440781,mysql,star_db,mysql_db,insert,10,1762078432,107.17,107.17,107.17,8.1,0.0,
1762078448158,mysql,star_db,mysql_db,select,10,1762078432,7372.17,7372.17,7372.17,18.2,15.46,
1762078450928,mysql,star_db,mysql_db,update,10,1762078432,2762.67,2762.67,2762.67,7.6,-2.83,
1762078454040,mysql,star_db,mysql_db,delete,10,1762078432,3105.31,3105.31,3105.31,21.6,32.37,
1762078456702,postgresql,star_db,postgres_db,insert,10,1762078432,107.91,107.91,107.91,4.6,-3.08,
1762078460481,postgresql,star_db,postgres_db,select,10,1762078432,3773.98,3773.98,3773.98,4.6,1.71,
1762078462810,postgresql,star_db,postgres_db,update,10,1762078432,2322.79,2322.79,2322.79,9.5,37.97,
1762078472191,postgresql,star_db,postgres_db,delete,10,1762078432,9373.65,9373.65,9373.65,9.8,-23.31,
1762078538191,mongo,star_db,mongo6_db,insert,10,1762078535,23.43,23.43,23.43,-2.6,0.19,
1762078538198,mongo,star_db,mongo6_db,select,10,1762078535,2.49,2.49,2.49,0.0,0.0,
1762078538207,mongo,star_db,mongo6_db,update,10,1762078535,3.07,3.07,3.07,-41.2,0.0,
1762078538215,mongo,star_db,mongo6_db,delete,10,1762078535,1.34,1.34,1.34,0.0,0.0,
1762078540734,mongo,star_db,mongo8_db,insert,10,1762078535,28.98,28.98,28.98,-6.7,0.0,
1762078540743,mongo,star_db,mongo8_db,select,10,1762078535,2.53,2.53,2.53,0.0,0.0,
1762078540755,mongo,star_db,mongo8_db,update,10,1762078535,2.38,2.38,2.38,-6.2,0.0,
1762078540765,mongo,star_db,mongo8_db,delete,10,1762078535,1.72,1.72,1.72,10.0,0.0,
1762078544691,mysql,star_db,mysql_db,insert,10,1762078535,112.54,112.54,112.54,-5.9,-1.63,
1762078551907,mysql,star_db,mysql_db,select,10,1762078535,7211.5,7211.5,7211.5,15.1,30.83,
1762078554696,mysql,star_db,mysql_db,update,10,1762078535,2784.19,2784.19,2784.19,11.3,-41.3,
1762078557550,mysql,star_db,mysql_db,delete,10,1762078535,2850.02,2850.02,2850.02,7.8,-21.27,
1762078560212,postgresql,star_db,postgres_db,insert,10,1762078535,101.84,101.84,101.84,5.0,-0.56,
1762078564244,postgresql,star_db,postgres_db,select,10,1762078535,4028.24,4028.24,4028.24,20.1,51.41,
1762078566292,postgresql,star_db,postgres_db,update,10,1762078535,2042.34,2042.34,2042.34,-39.0,-64.58,
1762078576395,postgresql,star_db,postgres_db,delete,10,1762078535,10098.28,10098.28,10098.28,16.5,37.02,
1762078992363,mongo,star_db,mongo6_db,insert,10,1762078989,22.3,22.3,22.3,5.0,0.5,
1762078992370,mongo,star_db,mongo6_db,select,10,1762078989,1.89,1.89,1.89,0.0,0.0,
1762078992377,mongo,star_db,mongo6_db,update,10,1762078989,1.86,1.86,1.86,-20.0,0.19,
1762078992385,mongo,star_db,mongo6_db,delete,10,1762078989,1.3,1.3,1.3,0.0,0.0,
1762078994924,mongo,star_db,mongo8_db,insert,10,1762078989,39.72,39.72,39.72,10.0,1.12,
1762078994930,mongo,star_db,mongo8_db,select,10,1762078989,2.13,2.13,2.13,0.0,0.0,
1762078994938,mongo,star_db,mongo8_db,update,10,1762078989,1.99,1.99,1.99,53.3,0.12,
1762078994947,mongo,star_db,mongo8_db,delete,10,1762078989,1.89,1.89,1.89,0.0,0.0,
1762078998683,mysql,star_db,mysql_db,insert,10,1762078989,120.45,120.45,120.45,9.0,-3.91,
1762079006903,mysql,star_db,mysql_db,select,10,1762078989,8213.94,8213.94,8213.94,-16.9,40.7,
1762079009750,mysql,star_db,mysql_db,update,10,1762078989,2842.15,2842.15,2842.15,-7.3,-108.64,
1762079013076,mysql,star_db,mysql_db,delete,10,1762078989,3320.02,3320.02,3320.02,29.7,0.77,
1762079015756,postgresql,star_db,postgres_db,insert,10,1762078989,117.82,117.82,117.82,-8.4,0.11,
1762079019741,postgresql,star_db,postgres_db,select,10,1762078989,3980.92,3980.92,3980.92,18.1,8.78,
1762079021808,postgresql,star_db,postgres_db,update,10,1762078989,2061.13,2061.13,2061.13,12.2,0.89,
1762079031475,postgresql,star_db,postgres_db,delete,10,1762078989,9658.06,9658.06,9658.06,9.9,164.01,
1762079098255,mongo,star_db,mongo6_db,insert,10,1762079095,36.32,36.32,36.32,12.2,0.82,
1762079098268,mongo,star_db,mongo6_db,select,10,1762079095,5.9,5.9,5.9,16.7,0.13,
1762079098279,mongo,star_db,mongo6_db,update,10,1762079095,2.19,2.19,2.19,0.0,0.06,
1762079098288,mongo,star_db,mongo6_db,delete,10,1762079095,1.79,1.79,1.79,-25.0,0.06,
1762079100916,mongo,star_db,mongo8_db,insert,10,1762079095,22.09,22.09,22.09,36.5,0.11,
1762079100928,mongo,star_db,mongo8_db,select,10,1762079095,3.43,3.43,3.43,-100.0,0.0,
1762079100945,mongo,star_db,mongo8_db,update,10,1762079095,5.4,5.4,5.4,-93.8,0.0,
1762079100960,mongo,star_db,mongo8_db,delete,10,1762079095,2.71,2.71,2.71,-100.0,0.0,
1762079104730,mysql,star_db,mysql_db,insert,10,1762079095,140.71,140.71,140.71,-6.6,1.06,
1762079112372,mysql,star_db,mysql_db,select,10,1762079095,7636.51,7636.51,7636.51,-26.3,-60.98,
1762079115313,mysql,star_db,mysql_db,update,10,1762079095,2934.06,2934.06,2934.06,-71.3,-206.74,
1762079118256,mysql,star_db,mysql_db,delete,10,1762079095,2937.55,2937.55,2937.55,14.0,-21.25,
1762079120922,postgresql,star_db,postgres_db,insert,10,1762079095,118.8,118.8,118.8,11.3,0.48,
1762079125231,postgresql,star_db,postgres_db,select,10,1762079095,4304.25,4304.25,4304.25,26.8,-0.69,
1762079127406,postgresql,star_db,postgres_db,update,10,1762079095,2169.62,2169.62,2169.62,-1.2,43.05,
1762079137977,postgresql,star_db,postgres_db,delete,10,1762079095,10562.52,10562.52,10562.52,17.4,363.91,
1762079373398,mongo,star_db,mongo6_db,insert,100,1762079370,39.28,39.28,39.28,-15.6,0.14,
1762079373408,mongo,star_db,mongo6_db,select,100,1762079370,4.87,4.87,4.87,33.3,0.0,
1762079373418,mongo,star_db,mongo6_db,update,100,1762079370,4.15,4.15,4.15,0.0,0.0,
1762079373428,mongo,star_db,mongo6_db,delete,100,1762079370,3.94,3.94,3.94,-6.2,0.0,
1762079376032,mongo,star_db,mongo8_db,insert,100,1762079370,33.61,33.61,33.61,-0.1,-0.1,
1762079376042,mongo,star_db,mongo8_db,select,100,1762079370,4.65,4.65,4.65,0.0,0.0,
1762079376055,mongo,star_db,mongo8_db,update,100,1762079370,7.9,7.9,7.9,-17.6,0.0,
1762079376067,mongo,star_db,mongo8_db,delete,100,1762079370,4.65,4.65,4.65,6.2,0.0,
1762079380607,mysql,star_db,mysql_db,insert,100,1762079370,1066.6,1066.6,1066.6,5.4,-4.6,
1762079451288,mysql,star_db,mysql_db,select,100,1762079370,70675.29,70675.29,70675.29,7.3,-226.64,
1762079480953,mysql,star_db,mysql_db,update,100,1762079370,29657.0,29657.0,29657.0,16.0,107.43,
1762079514172,mysql,star_db,mysql_db,delete,100,1762079370,33211.56,33211.56,33211.56,14.3,40.37,
1762079517691,postgresql,star_db,postgres_db,insert,100,1762079370,1003.65,1003.65,1003.65,17.5,-113.16,
1762079557561,postgresql,star_db,postgres_db,select,100,1762079370,39865.46,39865.46,39865.46,16.7,-27.2,
1762079577976,postgresql,star_db,postgres_db,update,100,1762079370,20409.72,20409.72,20409.72,2.1,-1.91,
1762079678947,postgresql,star_db,postgres_db,delete,100,1762079370,100966.55,100966.55,100966.55,16.6,415.9,
1762082342402,mongo,star_db,mongo6_db,insert,1000,1762082339,36.65,36.65,36.65,7.6,1.63,
1762082342424,mongo,star_db,mongo6_db,select,1000,1762082339,17.18,17.18,17.18,37.3,-2.59,
1762082342462,mongo,star_db,mongo6_db,update,1000,1762082339,26.15,26.15,26.15,6.2,-0.9,
1762082342496,mongo,star_db,mongo6_db,delete,1000,1762082339,16.92,16.92,16.92,0.0,0.06,
1762082345102,mongo,star_db,mongo8_db,insert,1000,1762082339,45.56,45.56,45.56,5.5,0.3,
1762082345124,mongo,star_db,mongo8_db,select,1000,1762082339,16.81,16.81,16.81,23.5,-0.36,
1762082345171,mongo,star_db,mongo8_db,update,1000,1762082339,36.35,36.35,36.35,-3.3,-0.03,
1762082345206,mongo,star_db,mongo8_db,delete,1000,1762082339,21.85,21.85,21.85,5.1,-0.27,
1762082360136,mysql,star_db,mysql_db,insert,1000,1762082339,11503.98,11503.98,11503.98,23.0,240.34,
1762083097876,mysql,star_db,mysql_db,select,1000,1762082339,737733.47,737733.47,737733.47,10.6,-737.16,
1762083798827,mysql,star_db,mysql_db,update,1000,1762082339,700943.77,700943.77,700943.77,7.4,339.05,
1762084359702,mysql,star_db,mysql_db,delete,1000,1762082339,560869.94,560869.94,560869.94,8.3,-171.42,
1762084371618,postgresql,star_db,postgres_db,insert,1000,1762082339,9274.33,9274.33,9274.33,0.9,-2.45,
1762084779829,postgresql,star_db,postgres_db,select,1000,1762082339,408205.7,408205.7,408205.7,19.6,-81.01,
1762084985888,postgresql,star_db,postgres_db,update,1000,1762082339,206049.95,206049.95,206049.95,16.7,6.18,
1762085994002,postgresql,star_db,postgres_db,delete,1000,1762082339,1008105.0,1008105.0,1008105.0,-82.1,-528.13,
1762086397733,mongo,star_db,mongo6_db,insert,10000,1762086394,168.15,168.15,168.15,-14.7,18.71,
1762086397881,mongo,star_db,mongo6_db,select,10000,1762086394,142.48,142.48,142.48,-8.8,34.34,
1762086398158,mongo,star_db,mongo6_db,update,10000,1762086394,241.36,241.36,241.36,-1.3,14.38,
1762086398330,mongo,star_db,mongo6_db,delete,10000,1762086394,140.92,140.92,140.92,-11.1,3.78,
1762086401231,mongo,star_db,mongo8_db,insert,10000,1762086394,155.41,155.41,155.41,-4.3,9.8,
1762086401365,mongo,star_db,mongo8_db,select,10000,1762086394,128.99,128.99,128.99,8.0,6.18,
1762086401727,mongo,star_db,mongo8_db,update,10000,1762086394,323.14,323.14,323.14,0.4,8.42,
1762086401933,mongo,star_db,mongo8_db,delete,10000,1762086394,175.7,175.7,175.7,-1.1,-0.3,
1762086455477,mongo,star_db,mongo6_db,insert,10000,1762086452,142.9,142.9,142.9,6.2,4.35,
1762086455620,mongo,star_db,mongo6_db,select,10000,1762086452,138.08,138.08,138.08,23.8,24.35,
1762086455893,mongo,star_db,mongo6_db,update,10000,1762086452,238.03,238.03,238.03,5.6,1.64,
1762086456063,mongo,star_db,mongo6_db,delete,10000,1762086452,135.48,135.48,135.48,-1.4,0.43,
1762086458880,mongo,star_db,mongo8_db,insert,10000,1762086452,127.06,127.06,127.06,-2.3,6.82,
1762086459020,mongo,star_db,mongo8_db,select,10000,1762086452,130.91,130.91,130.91,13.7,7.2,
1762086459393,mongo,star_db,mongo8_db,update,10000,1762086452,340.41,340.41,340.41,1.1,-0.5,
1762086459608,mongo,star_db,mongo8_db,delete,10000,1762086452,184.46,184.46,184.46,-11.7,8.11,
1762086567961,mysql,star_db,mysql_db,insert,10000,1762086452,104573.36,104573.36,104573.36,14.9,325.25,
1762087426596,mongo,star_db,mongo6_db,insert,100,1762087423,29.95,29.95,29.95,-17.8,-0.47,
1762087426607,mongo,star_db,mongo6_db,select,100,1762087423,5.4,5.4,5.4,0.0,0.0,
1762087426619,mongo,star_db,mongo6_db,update,100,1762087423,4.67,4.67,4.67,-15.4,0.0,
1762087426630,mongo,star_db,mongo6_db,delete,100,1762087423,2.8,2.8,2.8,-26.7,0.0,
1762087429227,mongo,star_db,mongo8_db,insert,100,1762087423,50.36,50.36,50.36,-2.3,-0.05,
1762087429236,mongo,star_db,mongo8_db,select,100,1762087423,4.69,4.69,4.69,16.7,0.0,
1762087429252,mongo,star_db,mongo8_db,update,100,1762087423,7.26,7.26,7.26,14.3,0.0,
1762087429263,mongo,star_db,mongo8_db,delete,100,1762087423,3.54,3.54,3.54,0.0,0.0,
1762087434213,mysql,star_db,mysql_db,insert,100,1762087423,1031.75,1031.75,1031.75,6.9,30.19,
1762087505740,mysql,star_db,mysql_db,select,100,1762087423,71521.73,71521.73,71521.73,19.0,209.11,
1762087535876,mysql,star_db,mysql_db,update,100,1762087423,30124.69,30124.69,30124.69,8.9,-191.01,
1762087570060,mysql,star_db,mysql_db,delete,100,1762087423,34174.65,34174.65,34174.65,17.2,76.03,
1762087573828,postgresql,star_db,postgres_db,insert,100,1762087423,1189.89,1189.89,1189.89,10.0,9.63,
1762087617397,postgresql,star_db,postgres_db,select,100,1762087423,43564.41,43564.41,43564.41,-9.5,365.64,
1762087639175,postgresql,star_db,postgres_db,update,100,1762087423,21773.65,21773.65,21773.65,18.5,-9.81,
1762087739104,postgresql,star_db,postgres_db,delete,100,1762087423,99924.62,99924.62,99924.62,16.7,416.28,
1762108861723,mongo,star_db,mongo6_db,insert,10000,1762108858,173.99,173.99,173.99,7.0,52.08,
1762108861862,mongo,star_db,mongo6_db,select,10000,1762108858,132.77,132.77,132.77,20.9,27.5,
1762108862142,mongo,star_db,mongo6_db,update,10000,1762108858,240.92,240.92,240.92,-0.2,31.41,
1762108862314,mongo,star_db,mongo6_db,delete,10000,1762108858,137.67,137.67,137.67,-21.0,0.96,
1762108864867,mongo,star_db,mongo8_db,insert,10000,1762108858,148.84,148.84,148.84,6.0,17.79,
1762108865008,mongo,star_db,mongo8_db,select,10000,1762108858,133.97,133.97,133.97,-8.9,15.86,
1762108865395,mongo,star_db,mongo8_db,update,10000,1762108858,349.76,349.76,349.76,-3.0,13.11,
1762108865601,mongo,star_db,mongo8_db,delete,10000,1762108858,173.43,173.43,173.43,-4.6,1.49,
1762108971116,mysql,star_db,mysql_db,insert,10000,1762108858,103015.44,103015.44,103015.44,10.4,1041.24,
1762115768460,mongo,star_db,mongo6_db,insert,10000,1762115765,162.42,162.42,162.42,22.3,31.86,
1762115768623,mongo,star_db,mongo6_db,select,10000,1762115765,155.19,155.19,155.19,18.4,44.3,
1762115768917,mongo,star_db,mongo6_db,update,10000,1762115765,258.0,258.0,258.0,3.5,9.88,
1762115769102,mongo,star_db,mongo6_db,delete,10000,1762115765,154.71,154.71,154.71,-2.1,5.55,
1762115772063,mongo,star_db,mongo8_db,insert,10000,1762115765,146.13,146.13,146.13,23.0,15.14,
1762115772195,mongo,star_db,mongo8_db,select,10000,1762115765,126.95,126.95,126.95,-4.8,15.57,
1762115772574,mongo,star_db,mongo8_db,update,10000,1762115765,342.09,342.09,342.09,-3.5,16.59,
1762115772785,mongo,star_db,mongo8_db,delete,10000,1762115765,179.79,179.79,179.79,-6.9,0.64,
1762115904543,mongo,star_db,mongo6_db,insert,10000,1762115901,169.31,169.31,169.31,-1.0,12.73,
1762115904710,mongo,star_db,mongo6_db,select,10000,1762115901,158.87,158.87,158.87,10.2,10.34,
1762115905065,mongo,star_db,mongo6_db,update,10000,1762115901,316.36,316.36,316.36,12.3,-4.5,
1762115905295,mongo,star_db,mongo6_db,delete,10000,1762115901,185.49,185.49,185.49,1.0,-2.2,
1762115908322,mongo,star_db,mongo8_db,insert,10000,1762115901,172.33,172.33,172.33,-2.0,-2.26,
1762115908458,mongo,star_db,mongo8_db,select,10000,1762115901,130.24,130.24,130.24,-4.7,15.79,
1762115908832,mongo,star_db,mongo8_db,update,10000,1762115901,332.82,332.82,332.82,-29.6,8.38,
1762115909064,mongo,star_db,mongo8_db,delete,10000,1762115901,192.39,192.39,192.39,2.4,8.79,
1762116009814,mysql,star_db,mysql_db,insert,10000,1762115901,96774.38,96774.38,96774.38,2.1,266.41,
1762123398710,mysql,star_db,mysql_db,select,10000,1762115901,7388885.26,7388885.26,7388885.26,6.0,-111.19,
1762126368068,mysql,star_db,mysql_db,update,10000,1762115901,2929845.07,2929845.07,2929845.07,-6.5,497.99,
1762730454114,mongo,star_db,mongo6_db,insert,100,1762730451,70.95,70.95,70.95,12.9,15.35,
1762730454132,mongo,star_db,mongo6_db,select,100,1762730451,4.43,4.43,4.43,-35.3,-0.15,
1762730454153,mongo,star_db,mongo6_db,update,100,1762730451,4.8,4.8,4.8,-18.8,-0.0,
1762730454177,mongo,star_db,mongo6_db,delete,100,1762730451,4.44,4.44,4.44,-43.8,0.55,
1762730456762,mongo,star_db,mongo8_db,insert,100,1762730451,48.38,48.38,48.38,3.7,-10.79,
1762730456772,mongo,star_db,mongo8_db,select,100,1762730451,4.71,4.71,4.71,-23.5,-2.21,
1762730456786,mongo,star_db,mongo8_db,update,100,1762730451,6.25,6.25,6.25,13.3,0.02,
1762730456797,mongo,star_db,mongo8_db,delete,100,1762730451,3.35,3.35,3.35,18.2,0.12,
1762730460965,mysql,star_db,mysql_db,insert,100,1762730451,867.86,867.86,867.86,13.7,-49.44,
1762730767843,mongo,star_db,mongo6_db,insert,100,1762730765,26.92,26.92,26.92,-6.8,0.92,
1762730767851,mongo,star_db,mongo6_db,select,100,1762730765,3.64,3.64,3.64,0.0,0.31,
1762730767862,mongo,star_db,mongo6_db,update,100,1762730765,4.22,4.22,4.22,10.0,0.12,
1762730767870,mongo,star_db,mongo6_db,delete,100,1762730765,3.0,3.0,3.0,0.0,0.0,
1762730770467,mongo,star_db,mongo8_db,insert,100,1762730765,48.99,48.99,48.99,42.2,-1.75,
1762730770476,mongo,star_db,mongo8_db,select,100,1762730765,4.36,4.36,4.36,-52.9,0.12,
1762730770488,mongo,star_db,mongo8_db,update,100,1762730765,6.26,6.26,6.26,12.5,0.25,
1762730770498,mongo,star_db,mongo8_db,delete,100,1762730765,3.42,3.42,3.42,0.0,0.06,
1762730774553,mysql,star_db,mysql_db,insert,100,1762730765,548.91,548.91,548.91,4.5,4.8,
1762730965581,mongo,star_db,mongo6_db,insert,100,1762730963,24.65,24.65,24.65,38.2,0.85,
1762730965588,mongo,star_db,mongo6_db,select,100,1762730963,3.39,3.39,3.39,0.0,0.25,
1762730965599,mongo,star_db,mongo6_db,update,100,1762730963,4.46,4.46,4.46,-26.7,0.38,
1762730965608,mongo,star_db,mongo6_db,delete,100,1762730963,2.61,2.61,2.61,85.7,0.0,
1762730968152,mongo,star_db,mongo8_db,insert,100,1762730963,40.32,40.32,40.32,-6.2,1.18,
1762730968159,mongo,star_db,mongo8_db,select,100,1762730963,3.13,3.13,3.13,-16.7,0.31,
1762730968170,mongo,star_db,mongo8_db,update,100,1762730963,5.52,5.52,5.52,0.0,0.44,
1762730968180,mongo,star_db,mongo8_db,delete,100,1762730963,4.09,4.09,4.09,-28.6,0.06,
1762730972464,mysql,star_db,mysql_db,insert,100,1762730963,500.39,500.39,500.39,1.6,1.13,
1762731484880,mongo,star_db,mongo6_db,insert,100,1762731482,41.01,41.01,41.01,-7.4,0.37,
1762731484888,mongo,star_db,mongo6_db,select,100,1762731482,3.46,3.46,3.46,0.0,0.06,
1762731484898,mongo,star_db,mongo6_db,update,100,1762731482,4.87,4.87,4.87,-5.9,0.0,
1762731484907,mongo,star_db,mongo6_db,delete,100,1762731482,2.54,2.54,2.54,6.2,0.0,
1762731487432,mongo,star_db,mongo8_db,insert,100,1762731482,45.64,45.64,45.64,-7.9,0.87,
1762731487441,mongo,star_db,mongo8_db,select,100,1762731482,4.57,4.57,4.57,12.5,0.12,
1762731487455,mongo,star_db,mongo8_db,update,100,1762731482,5.74,5.74,5.74,6.2,0.25,
1762731487466,mongo,star_db,mongo8_db,delete,100,1762731482,3.66,3.66,3.66,0.0,0.0,
1762731491514,mysql,star_db,mysql_db,insert,100,1762731482,700.81,700.81,700.81,35.4,-269.72,
1762731566783,mysql,star_db,mysql_db,select,100,1762731482,75257.66,75257.66,75257.66,-12.5,-354.4,
1762895715778,mongo,star_db,mongo6_db,insert,100,1762895713,36.4,36.4,36.4,3.2,0.21,
1762895715790,mongo,star_db,mongo6_db,select,100,1762895713,4.63,4.63,4.63,-21.4,0.11,
1762895715805,mongo,star_db,mongo6_db,update,100,1762895713,5.63,5.63,5.63,12.5,-90.21,
1762895715816,mongo,star_db,mongo6_db,delete,100,1762895713,3.34,3.34,3.34,11.1,0.0,
1762895718561,mongo,star_db,mongo8_db,insert,100,1762895713,28.53,28.53,28.53,-11.4,0.19,
1762895718571,mongo,star_db,mongo8_db,select,100,1762895713,4.85,4.85,4.85,-31.2,0.06,
1762895718583,mongo,star_db,mongo8_db,update,100,1762895713,5.66,5.66,5.66,16.7,0.0,
1762895718593,mongo,star_db,mongo8_db,delete,100,1762895713,3.79,3.79,3.79,0.0,0.0,
1762895723043,mysql,star_db,mysql_db,insert,100,1762895713,599.41,599.41,599.41,7.6,6.71,
1762895823434,mongo,star_db,mongo6_db,insert,100,1762895820,46.57,46.57,46.57,-11.1,0.15,
1762895823442,mongo,star_db,mongo6_db,select,100,1762895820,2.8,2.8,2.8,23.5,0.25,
1762895823454,mongo,star_db,mongo6_db,update,100,1762895820,4.7,4.7,4.7,0.0,0.12,
1762895823465,mongo,star_db,mongo6_db,delete,100,1762895820,3.03,3.03,3.03,-25.0,0.0,
1762895826037,mongo,star_db,mongo8_db,insert,100,1762895820,32.11,32.11,32.11,30.9,-0.0,
1762895826046,mongo,star_db,mongo8_db,select,100,1762895820,4.87,4.87,4.87,0.0,0.0,
1762895826060,mongo,star_db,mongo8_db,update,100,1762895820,6.92,6.92,6.92,-35.7,0.0,
1762895826072,mongo,star_db,mongo8_db,delete,100,1762895820,4.95,4.95,4.95,72.2,0.0,
1762895829784,mysql,star_db,mysql_db,insert,100,1762895820,536.55,536.55,536.55,-9.1,-24.87,
1762895867667,mongo,star_db,mongo6_db,insert,100,1762895865,45.06,45.06,45.06,-14.1,0.7,
1762895867678,mongo,star_db,mongo6_db,select,100,1762895865,5.36,5.36,5.36,15.4,0.31,
1762895867689,mongo,star_db,mongo6_db,update,100,1762895865,4.61,4.61,4.61,0.0,0.12,
1762895867700,mongo,star_db,mongo6_db,delete,100,1762895865,3.22,3.22,3.22,-29.4,0.0,
1762895870252,mongo,star_db,mongo8_db,insert,100,1762895865,40.51,40.51,40.51,-6.1,-0.02,
1762895870262,mongo,star_db,mongo8_db,select,100,1762895865,3.83,3.83,3.83,-10.0,0.0,
1762895870273,mongo,star_db,mongo8_db,update,100,1762895865,5.49,5.49,5.49,16.7,0.0,
1762895870283,mongo,star_db,mongo8_db,delete,100,1762895865,4.05,4.05,4.05,0.0,0.0,
1762895874630,mysql,star_db,mysql_db,insert,100,1762895865,516.39,516.39,516.39,6.4,12.24,
1762895901905,mysql,star_db,mysql_db,select,100,1762895865,27266.14,27266.14,27266.14,16.8,-703.73,
1762896380572,mongo,star_db,mongo6_db,insert,100,1762896377,35.7,35.7,35.7,4.6,0.27,
1762896380580,mongo,star_db,mongo6_db,select,100,1762896377,3.83,3.83,3.83,0.0,0.01,
1762896380593,mongo,star_db,mongo6_db,update,100,1762896377,4.23,4.23,4.23,-25.0,0.02,
1762896380603,mongo,star_db,mongo6_db,delete,100,1762896377,3.66,3.66,3.66,-26.7,-0.0,
1762896383165,mongo,star_db,mongo8_db,insert,100,1762896377,21.27,21.27,21.27,11.7,2.89,
1762896383174,mongo,star_db,mongo8_db,select,100,1762896377,3.62,3.62,3.62,0.0,0.98,
1762896383188,mongo,star_db,mongo8_db,update,100,1762896377,7.02,7.02,7.02,-25.0,1.49,
1762896383199,mongo,star_db,mongo8_db,delete,100,1762896377,3.69,3.69,3.69,-37.5,0.21,
1762896387627,mysql,star_db,mysql_db,insert,100,1762896377,580.11,580.11,580.11,-4.6,10.89,
1762896388479,mysql,star_db,mysql_db,select,100,1762896377,612.0,612.0,612.0,11.8,30.18,
1762896422406,mysql,star_db,mysql_db,update,100,1762896377,33920.45,33920.45,33920.45,33.1,380.4,
1762897258612,mongo,star_db,mongo6_db,insert,100,1762897255,40.55,40.55,40.55,-5.6,-3.8,
1762897258625,mongo,star_db,mongo6_db,select,100,1762897255,4.77,4.77,4.77,-18.8,0.31,
1762897258638,mongo,star_db,mongo6_db,update,100,1762897255,4.28,4.28,4.28,-35.7,-1.62,
1762897258650,mongo,star_db,mongo6_db,delete,100,1762897255,2.78,2.78,2.78,-50.0,0.25,
1762897261393,mongo,star_db,mongo8_db,insert,100,1762897255,39.58,39.58,39.58,-15.4,2.88,
1762897261402,mongo,star_db,mongo8_db,select,100,1762897255,4.53,4.53,4.53,-18.2,-0.24,
1762897261414,mongo,star_db,mongo8_db,update,100,1762897255,6.03,6.03,6.03,36.4,0.25,
1762897261424,mongo,star_db,mongo8_db,delete,100,1762897255,3.3,3.3,3.3,0.0,-2.06,
1762897265867,mysql,star_db,mysql_db,insert,100,1762897255,555.73,555.73,555.73,-2.2,21.21,
1762897266750,mysql,star_db,mysql_db,select,100,1762897255,592.11,592.11,592.11,-6.4,39.08,
1762897274139,mysql,star_db,mysql_db,update,100,1762897255,44.39,44.39,44.39,12.1,-15.64,
1762897311121,mysql,star_db,mysql_db,delete,100,1762897255,36975.58,36975.58,36975.58,-19.7,211.62,
1762897437472,mongo,star_db,mongo6_db,insert,100,1762897434,63.41,63.41,63.41,8.5,-0.06,
1762897437480,mongo,star_db,mongo6_db,select,100,1762897434,3.21,3.21,3.21,0.0,0.0,
1762897437493,mongo,star_db,mongo6_db,update,100,1762897434,4.86,4.86,4.86,-62.5,0.05,
1762897437504,mongo,star_db,mongo6_db,delete,100,1762897434,4.01,4.01,4.01,58.8,-2.2,
1762897440053,mongo,star_db,mongo8_db,insert,100,1762897434,41.33,41.33,41.33,4.7,0.06,
1762897440062,mongo,star_db,mongo8_db,select,100,1762897434,3.89,3.89,3.89,0.0,-0.04,
1762897440076,mongo,star_db,mongo8_db,update,100,1762897434,7.02,7.02,7.02,-23.5,-0.14,
1762897440088,mongo,star_db,mongo8_db,delete,100,1762897434,4.4,4.4,4.4,-36.4,0.09,
1762897444118,mysql,star_db,mysql_db,insert,100,1762897434,563.37,563.37,563.37,4.6,-6.43,
1762897444879,mysql,star_db,mysql_db,select,100,1762897434,533.31,533.31,533.31,-8.2,1.74,
1762897452293,mysql,star_db,mysql_db,update,100,1762897434,41.37,41.37,41.37,3.2,-15.39,
1762897553243,mongo,star_db,mongo6_db,insert,100,1762897550,24.56,24.56,24.56,-5.1,0.2,
1762897553252,mongo,star_db,mongo6_db,select,100,1762897550,4.13,4.13,4.13,0.0,0.01,
1762897553263,mongo,star_db,mongo6_db,update,100,1762897550,4.49,4.49,4.49,-21.4,0.01,
1762897553274,mongo,star_db,mongo6_db,delete,100,1762897550,3.29,3.29,3.29,-37.5,-0.37,
1762897555845,mongo,star_db,mongo8_db,insert,100,1762897550,19.77,19.77,19.77,2.1,0.84,
1762897555852,mongo,star_db,mongo8_db,select,100,1762897550,3.09,3.09,3.09,-14.3,0.12,
1762897555864,mongo,star_db,mongo8_db,update,100,1762897550,6.02,6.02,6.02,23.1,0.24,
1762897555874,mongo,star_db,mongo8_db,delete,100,1762897550,3.32,3.32,3.32,0.0,0.01,
1762897560151,mysql,star_db,mysql_db,insert,100,1762897550,696.12,696.12,696.12,34.8,-204.78,
1762897560849,mysql,star_db,mysql_db,select,100,1762897550,503.74,503.74,503.74,-0.8,8.59,
1762897567866,mysql,star_db,mysql_db,update,100,1762897550,42.08,42.08,42.08,-0.2,-15.54,
1762897575322,mysql,star_db,mysql_db,delete,100,1762897550,403.23,403.23,403.23,-12.1,4.7,
1762897999290,mongo,star_db,mongo6_db,insert,100,1762897996,29.1,29.1,29.1,12.4,-0.6,
1762897999299,mongo,star_db,mongo6_db,select,100,1762897996,3.37,3.37,3.37,0.0,-0.02,
1762897999312,mongo,star_db,mongo6_db,update,100,1762897996,5.12,5.12,5.12,-18.8,0.0,
1762897999324,mongo,star_db,mongo6_db,delete,100,1762897996,3.43,3.43,3.43,-12.5,0.0,
1762898002031,mongo,star_db,mongo8_db,insert,100,1762897996,26.31,26.31,26.31,-25.8,0.72,
1762898002038,mongo,star_db,mongo8_db,select,100,1762897996,3.71,3.71,3.71,-12.5,0.0,
1762898002049,mongo,star_db,mongo8_db,update,100,1762897996,5.57,5.57,5.57,0.0,0.0,
1762898002059,mongo,star_db,mongo8_db,delete,100,1762897996,3.61,3.61,3.61,-7.1,0.0,
1762898005971,mysql,star_db,mysql_db,insert,100,1762897996,563.46,563.46,563.46,-1.6,25.01,
1762898006805,mysql,star_db,mysql_db,select,100,1762897996,551.57,551.57,551.57,-6.9,-43.82,
1762898013260,mysql,star_db,mysql_db,update,100,1762897996,39.92,39.92,39.92,0.1,-15.5,
1762898019971,mysql,star_db,mysql_db,delete,100,1762897996,482.02,482.02,482.02,58.3,132.1,
1762898023180,postgresql,star_db,postgres_db,insert,100,1762897996,582.84,582.84,582.84,1.3,8.44,
1762898025201,postgresql,star_db,postgres_db,select,100,1762897996,1668.67,1668.67,1668.67,-6.9,627.57,
1762898329703,mongo,star_db,mongo6_db,insert,100,1762898327,50.55,50.55,50.55,-0.5,1.17,
1762898329712,mongo,star_db,mongo6_db,select,100,1762898327,3.68,3.68,3.68,-20.0,0.1,
1762898329723,mongo,star_db,mongo6_db,update,100,1762898327,3.95,3.95,3.95,33.3,0.12,
1762898329735,mongo,star_db,mongo6_db,delete,100,1762898327,3.81,3.81,3.81,0.0,0.0,
1762898332502,mongo,star_db,mongo8_db,insert,100,1762898327,35.59,35.59,35.59,-27.4,0.01,
1762898332511,mongo,star_db,mongo8_db,select,100,1762898327,4.47,4.47,4.47,-6.7,0.0,
1762898332523,mongo,star_db,mongo8_db,update,100,1762898327,5.19,5.19,5.19,27.3,0.06,
1762898332533,mongo,star_db,mongo8_db,delete,100,1762898327,3.94,3.94,3.94,0.0,0.06,
1762898337087,mysql,star_db,mysql_db,insert,100,1762898327,560.3,560.3,560.3,3.5,4.29,
1762898337916,mysql,star_db,mysql_db,select,100,1762898327,560.02,560.02,560.02,-2.3,59.8,
1762898344533,mysql,star_db,mysql_db,update,100,1762898327,47.55,47.55,47.55,-1.2,-15.86,
1762898351627,mysql,star_db,mysql_db,delete,100,1762898327,424.72,424.72,424.72,-7.4,6.27,
1762898354757,postgresql,star_db,postgres_db,insert,100,1762898327,572.11,572.11,572.11,2.9,-37.36,
1762898356828,postgresql,star_db,postgres_db,select,100,1762898327,1724.06,1724.06,1724.06,-5.4,622.39,
1762898357949,postgresql,star_db,postgres_db,update,100,1762898327,91.87,91.87,91.87,-19.9,-68.95,
1762898426620,postgresql,star_db,postgres_db,delete,100,1762898327,67950.86,67950.86,67950.86,-8.8,25.98,
1762899047455,mongo,star_db,mongo6_db,insert,100,1762899044,47.5,47.5,47.5,7.9,0.17,
1762899047464,mongo,star_db,mongo6_db,select,100,1762899044,4.07,4.07,4.07,-6.2,0.0,
1762899047474,mongo,star_db,mongo6_db,update,100,1762899044,4.63,4.63,4.63,21.4,0.0,
1762899047484,mongo,star_db,mongo6_db,delete,100,1762899044,2.7,2.7,2.7,0.0,0.0,
1762899050015,mongo,star_db,mongo8_db,insert,100,1762899044,27.91,27.91,27.91,-6.7,0.0,
1762899050024,mongo,star_db,mongo8_db,select,100,1762899044,4.78,4.78,4.78,-12.5,0.06,
1762899050037,mongo,star_db,mongo8_db,update,100,1762899044,5.33,5.33,5.33,12.5,0.0,
1762899050048,mongo,star_db,mongo8_db,delete,100,1762899044,3.6,3.6,3.6,0.0,0.0,
1762899054299,mysql,star_db,mysql_db,insert,100,1762899044,592.06,592.06,592.06,4.7,-15.8,
1762899055137,mysql,star_db,mysql_db,select,100,1762899044,551.49,551.49,551.49,-0.8,39.3,
1762899061904,mysql,star_db,mysql_db,update,100,1762899044,42.24,42.24,42.24,-16.8,-15.74,
1762899245932,mongo,star_db,mongo6_db,insert,100,1762899243,27.46,27.46,27.46,18.3,-2.96,
1762899245941,mongo,star_db,mongo6_db,select,100,1762899243,3.4,3.4,3.4,27.3,0.53,
1762899245953,mongo,star_db,mongo6_db,update,100,1762899243,4.6,4.6,4.6,0.0,0.13,
1762899245964,mongo,star_db,mongo6_db,delete,100,1762899243,3.07,3.07,3.07,-13.3,-1.75,
1762899248551,mongo,star_db,mongo8_db,insert,100,1762899243,54.3,54.3,54.3,6.4,0.05,
1762899248560,mongo,star_db,mongo8_db,select,100,1762899243,3.98,3.98,3.98,0.0,0.0,
1762899248571,mongo,star_db,mongo8_db,update,100,1762899243,6.01,6.01,6.01,14.3,0.06,
1762899248581,mongo,star_db,mongo8_db,delete,100,1762899243,3.82,3.82,3.82,0.0,0.44,
1762899253583,mysql,star_db,mysql_db,insert,100,1762899243,649.65,649.65,649.65,14.4,-45.28,
1762899254536,mysql,star_db,mysql_db,select,100,1762899243,674.91,674.91,674.91,8.6,251.61,
1762899263696,mysql,star_db,mysql_db,update,100,1762899243,56.86,56.86,56.86,-23.6,-19.32,
1762899402431,mongo,star_db,mongo6_db,insert,100,1762899399,54.22,54.22,54.22,-9.6,0.07,
1762899402440,mongo,star_db,mongo6_db,select,100,1762899399,4.51,4.51,4.51,50.0,0.0,
1762899402451,mongo,star_db,mongo6_db,update,100,1762899399,4.21,4.21,4.21,-7.7,0.0,
1762899402462,mongo,star_db,mongo6_db,delete,100,1762899399,3.15,3.15,3.15,-20.0,0.0,
1762899405024,mongo,star_db,mongo8_db,insert,100,1762899399,55.01,55.01,55.01,2.7,-0.04,
1762899405033,mongo,star_db,mongo8_db,select,100,1762899399,4.53,4.53,4.53,0.0,0.06,
1762899405045,mongo,star_db,mongo8_db,update,100,1762899399,6.44,6.44,6.44,-9.1,-0.01,
1762899405056,mongo,star_db,mongo8_db,delete,100,1762899399,3.33,3.33,3.33,-16.7,0.0,
1762899409601,mysql,star_db,mysql_db,insert,100,1762899399,561.82,561.82,561.82,1.9,15.96,
1762899410400,mysql,star_db,mysql_db,select,100,1762899399,554.95,554.95,554.95,-6.8,42.24,
1762899417281,mysql,star_db,mysql_db,update,100,1762899399,49.75,49.75,49.75,28.1,-12.7,
1762899522716,mongo,star_db,mongo6_db,insert,100,1762899519,27.74,27.74,27.74,-8.0,-0.07,
1762899522723,mongo,star_db,mongo6_db,select,100,1762899519,3.12,3.12,3.12,7.1,0.0,
1762899522734,mongo,star_db,mongo6_db,update,100,1762899519,4.0,4.0,4.0,0.0,0.0,
1762899522743,mongo,star_db,mongo6_db,delete,100,1762899519,2.67,2.67,2.67,-14.3,0.0,
1762899525290,mongo,star_db,mongo8_db,insert,100,1762899519,23.18,23.18,23.18,0.7,0.06,
1762899525299,mongo,star_db,mongo8_db,select,100,1762899519,4.49,4.49,4.49,0.0,0.0,
1762899525311,mongo,star_db,mongo8_db,update,100,1762899519,5.08,5.08,5.08,-25.0,0.0,
1762899525321,mongo,star_db,mongo8_db,delete,100,1762899519,3.57,3.57,3.57,-16.7,0.0,
1762899529347,mysql,star_db,mysql_db,insert,100,1762899519,556.7,556.7,556.7,1.1,14.88,
1762899530163,mysql,star_db,mysql_db,select,100,1762899519,577.79,577.79,577.79,-12.9,38.26,
1762899537021,mysql,star_db,mysql_db,update,100,1762899519,51.5,51.5,51.5,-13.1,-13.0,
1762899900917,mongo,star_db,mongo6_db,insert,100,1762899898,28.3,28.3,28.3,8.1,-45.45,
1762899900927,mongo,star_db,mongo6_db,select,100,1762899898,4.2,4.2,4.2,20.0,0.0,
1762899900940,mongo,star_db,mongo6_db,update,100,1762899898,4.99,4.99,4.99,100.0,0.0,
1762899900952,mongo,star_db,mongo6_db,delete,100,1762899898,3.51,3.51,3.51,-6.2,0.0,
1762899903637,mongo,star_db,mongo8_db,insert,100,1762899898,43.29,43.29,43.29,-2.9,-37.03,
1762899903647,mongo,star_db,mongo8_db,select,100,1762899898,4.33,4.33,4.33,13.3,-0.01,
1762899903661,mongo,star_db,mongo8_db,update,100,1762899898,6.04,6.04,6.04,18.2,0.0,
1762899903674,mongo,star_db,mongo8_db,delete,100,1762899898,4.14,4.14,4.14,0.0,0.0,
1762899908178,mysql,star_db,mysql_db,insert,100,1762899898,561.28,561.28,561.28,6.2,31.1,
1762899908956,mysql,star_db,mysql_db,select,100,1762899898,544.3,544.3,544.3,-1.7,27.68,
1762899915822,mysql,star_db,mysql_db,update,100,1762899898,42.3,42.3,42.3,-16.2,-14.6,
1762899922553,mysql,star_db,mysql_db,delete,100,1762899898,279.37,279.37,279.37,5.1,-0.59,
1762899925780,postgresql,star_db,postgres_db,insert,100,1762899898,584.22,584.22,584.22,6.3,-84.93,
1762899927892,postgresql,star_db,postgres_db,select,100,1762899898,1725.31,1725.31,1725.31,6.8,564.21,
1762899928957,postgresql,star_db,postgres_db,update,100,1762899898,97.86,97.86,97.86,-15.5,-67.21,
1762900001799,mongo,star_db,mongo6_db,insert,100,1762899999,27.55,27.55,27.55,-9.8,0.16,
1762900001807,mongo,star_db,mongo6_db,select,100,1762899999,3.13,3.13,3.13,-13.3,0.0,
1762900001818,mongo,star_db,mongo6_db,update,100,1762899999,4.47,4.47,4.47,45.5,0.0,
1762900001826,mongo,star_db,mongo6_db,delete,100,1762899999,2.63,2.63,2.63,0.0,0.0,
1762900004430,mongo,star_db,mongo8_db,insert,100,1762899999,27.85,27.85,27.85,-11.7,1.08,
1762900004439,mongo,star_db,mongo8_db,select,100,1762899999,4.66,4.66,4.66,0.0,0.0,
1762900004451,mongo,star_db,mongo8_db,update,100,1762899999,6.78,6.78,6.78,-6.7,0.38,
1762900004460,mongo,star_db,mongo8_db,delete,100,1762899999,3.14,3.14,3.14,-10.0,0.05,
1762900009257,mysql,star_db,mysql_db,insert,100,1762899999,593.7,593.7,593.7,3.8,0.71,
1762900010100,mysql,star_db,mysql_db,select,100,1762899999,562.06,562.06,562.06,-5.6,36.96,
1762900017516,mysql,star_db,mysql_db,update,100,1762899999,38.04,38.04,38.04,-23.0,-15.96,
1762900024647,mysql,star_db,mysql_db,delete,100,1762899999,292.8,292.8,292.8,-7.5,-9.02,
1762900027835,postgresql,star_db,postgres_db,insert,100,1762899999,580.66,580.66,580.66,10.0,1.65,
1762900029866,postgresql,star_db,postgres_db,select,100,1762899999,1678.55,1678.55,1678.55,6.0,586.5,
1762900030943,postgresql,star_db,postgres_db,update,100,1762899999,104.28,104.28,104.28,58.7,151.11,
1762900066872,postgresql,star_db,postgres_db,delete,100,1762899999,35017.79,35017.79,35017.79,-37.4,-0.34,
1763066581950,mongo,star_db,mongo6_db,insert,100,1763066579,58.48,58.48,58.48,15.0,2.21,
1763066581963,mongo,star_db,mongo6_db,select,100,1763066579,5.66,5.66,5.66,-6.7,0.19,
1763066581979,mongo,star_db,mongo6_db,update,100,1763066579,5.67,5.67,5.67,-12.5,0.0,
1763066581993,mongo,star_db,mongo6_db,delete,100,1763066579,3.09,3.09,3.09,-35.3,0.06,
1763066584533,mongo,star_db,mongo8_db,insert,100,1763066579,39.4,39.4,39.4,17.5,-16.42,
1763066584542,mongo,star_db,mongo8_db,select,100,1763066579,4.34,4.34,4.34,0.0,0.06,
1763066584555,mongo,star_db,mongo8_db,update,100,1763066579,5.56,5.56,5.56,-28.6,0.06,
1763066584568,mongo,star_db,mongo8_db,delete,100,1763066579,4.55,4.55,4.55,-30.8,0.19,
1763066588693,mysql,star_db,mysql_db,insert,100,1763066579,554.33,554.33,554.33,-2.8,-46.11,
1763066589614,mysql,star_db,mysql_db,select,100,1763066579,611.17,611.17,611.17,-6.6,52.0,
1763066596738,mysql,star_db,mysql_db,update,100,1763066579,42.65,42.65,42.65,-6.7,-15.23,
1763066603739,mysql,star_db,mysql_db,delete,100,1763066579,300.7,300.7,300.7,0.0,36.06,
1763066606950,postgresql,star_db,postgres_db,insert,100,1763066579,614.99,614.99,614.99,-14.9,6.52,
1763066609006,postgresql,star_db,postgres_db,select,100,1763066579,1679.36,1679.36,1679.36,5.0,610.41,
1763066609996,postgresql,star_db,postgres_db,update,100,1763066579,92.56,92.56,92.56,-4.9,-56.59,
1763066646507,postgresql,star_db,postgres_db,delete,100,1763066579,35508.08,35508.08,35508.08,-1.7,-118.2,
1763077332550,mongo,star_db,mongo6_db,insert,100,1763077330,47.6,47.6,47.6,1.7,0.2,
1763077332559,mongo,star_db,mongo6_db,select,100,1763077330,3.58,3.58,3.58,0.0,0.12,
1763077332570,mongo,star_db,mongo6_db,update,100,1763077330,4.13,4.13,4.13,-26.7,0.0,
1763077332579,mongo,star_db,mongo6_db,delete,100,1763077330,2.78,2.78,2.78,66.7,0.0,
1763077335137,mongo,star_db,mongo8_db,insert,100,1763077330,43.03,43.03,43.03,-10.1,0.05,
1763077335146,mongo,star_db,mongo8_db,select,100,1763077330,4.76,4.76,4.76,15.4,0.0,
1763077335156,mongo,star_db,mongo8_db,update,100,1763077330,5.57,5.57,5.57,0.0,-0.12,
1763077335166,mongo,star_db,mongo8_db,delete,100,1763077330,3.7,3.7,3.7,-45.5,0.0,
1763077339222,mysql,star_db,mysql_db,insert,100,1763077330,499.1,499.1,499.1,6.9,15.16,
1763077340127,mysql,star_db,mysql_db,select,100,1763077330,567.21,567.21,567.21,-0.9,53.27,
1763077346973,mysql,star_db,mysql_db,update,100,1763077330,38.52,38.52,38.52,-0.5,-15.57,
1763077353922,mysql,star_db,mysql_db,delete,100,1763077330,360.11,360.11,360.11,56.6,-260.68,
1763077357026,postgresql,star_db,postgres_db,insert,100,1763077330,540.3,540.3,540.3,2.5,10.25,
1763077359001,postgresql,star_db,postgres_db,select,100,1763077330,1604.77,1604.77,1604.77,-0.4,599.91,
1763077359965,postgresql,star_db,postgres_db,update,100,1763077330,93.63,93.63,93.63,-9.8,-60.07,
1763077529903,mongo,star_db,mongo6_db,insert,100,1763077527,24.03,24.03,24.03,-3.4,1.28,
1763077529913,mongo,star_db,mongo6_db,select,100,1763077527,4.35,4.35,4.35,-30.8,0.38,
1763077529924,mongo,star_db,mongo6_db,update,100,1763077527,3.81,3.81,3.81,30.0,0.12,
1763077529934,mongo,star_db,mongo6_db,delete,100,1763077527,3.49,3.49,3.49,0.0,0.0,
1763077532528,mongo,star_db,mongo8_db,insert,100,1763077527,34.61,34.61,34.61,5.2,-0.16,
1763077532537,mongo,star_db,mongo8_db,select,100,1763077527,3.35,3.35,3.35,-16.7,0.0,
1763077532547,mongo,star_db,mongo8_db,update,100,1763077527,4.92,4.92,4.92,0.0,0.0,
1763077532557,mongo,star_db,mongo8_db,delete,100,1763077527,3.24,3.24,3.24,-50.0,0.0,
1763077536819,mysql,star_db,mysql_db,insert,100,1763077527,497.94,497.94,497.94,3.4,-32.89,
1763077537505,mysql,star_db,mysql_db,select,100,1763077527,483.97,483.97,483.97,-1.8,5.81,
1763077544315,mysql,star_db,mysql_db,update,100,1763077527,70.11,70.11,70.11,-1.9,-15.51,
1763077551045,mysql,star_db,mysql_db,delete,100,1763077527,273.43,273.43,273.43,-7.8,-7.59,
1763077554240,postgresql,star_db,postgres_db,insert,100,1763077527,610.87,610.87,610.87,35.1,-253.95,
1763077554730,postgresql,star_db,postgres_db,select,100,1763077527,451.31,451.31,451.31,-12.4,66.46,
1763077555580,postgresql,star_db,postgres_db,update,100,1763077527,91.81,91.81,91.81,-14.9,-67.76,
1763077705091,mongo,star_db,mongo6_db,insert,100,1763077702,22.48,22.48,22.48,-21.2,0.38,
1763077705099,mongo,star_db,mongo6_db,select,100,1763077702,3.25,3.25,3.25,6.7,0.04,
1763077705109,mongo,star_db,mongo6_db,update,100,1763077702,3.89,3.89,3.89,0.0,0.06,
1763077705119,mongo,star_db,mongo6_db,delete,100,1763077702,3.15,3.15,3.15,-6.2,0.0,
1763077707663,mongo,star_db,mongo8_db,insert,100,1763077702,27.12,27.12,27.12,9.4,0.05,
1763077707670,mongo,star_db,mongo8_db,select,100,1763077702,2.79,2.79,2.79,0.0,0.12,
1763077707683,mongo,star_db,mongo8_db,update,100,1763077702,5.7,5.7,5.7,-21.4,0.0,
1763077707694,mongo,star_db,mongo8_db,delete,100,1763077702,4.64,4.64,4.64,-33.3,0.0,
1763077711571,mysql,star_db,mysql_db,insert,100,1763077702,491.95,491.95,491.95,9.8,-4.99,
1763077712262,mysql,star_db,mysql_db,select,100,1763077702,491.63,491.63,491.63,1.6,-63.0,
1763077719252,mysql,star_db,mysql_db,update,100,1763077702,38.37,38.37,38.37,-11.9,-15.78,
1763077726122,mysql,star_db,mysql_db,delete,100,1763077702,238.56,238.56,238.56,-6.5,-9.32,
1763077729159,postgresql,star_db,postgres_db,insert,100,1763077702,467.53,467.53,467.53,1.4,-8.33,
1763077729587,postgresql,star_db,postgres_db,select,100,1763077702,390.33,390.33,390.33,-3.5,54.94,
1763077730355,postgresql,star_db,postgres_db,update,100,1763077702,85.48,85.48,85.48,-14.9,-63.48,
1763077831505,mongo,star_db,mongo6_db,insert,100,1763077828,22.35,22.35,22.35,23.9,0.2,
1763077831513,mongo,star_db,mongo6_db,select,100,1763077828,3.62,3.62,3.62,0.0,0.06,
1763077831523,mongo,star_db,mongo6_db,update,100,1763077828,3.69,3.69,3.69,-6.7,0.0,
1763077831532,mongo,star_db,mongo6_db,delete,100,1763077828,3.02,3.02,3.02,22.2,0.0,
1763077834046,mongo,star_db,mongo8_db,insert,100,1763077828,19.71,19.71,19.71,35.7,-44.02,
1763077834055,mongo,star_db,mongo8_db,select,100,1763077828,3.51,3.51,3.51,-31.2,1.0,
1763077834080,mongo,star_db,mongo8_db,update,100,1763077828,10.23,10.23,10.23,0.0,2.15,
1763077834094,mongo,star_db,mongo8_db,delete,100,1763077828,4.5,4.5,4.5,0.0,0.84,
1763077838075,mysql,star_db,mysql_db,insert,100,1763077828,527.44,527.44,527.44,12.6,-1.96,
1763077838723,mysql,star_db,mysql_db,select,100,1763077828,432.13,432.13,432.13,-2.1,13.48,
1763077845691,mysql,star_db,mysql_db,update,100,1763077828,36.26,36.26,36.26,-7.1,-15.78,
1763077852815,mysql,star_db,mysql_db,delete,100,1763077828,226.45,226.45,226.45,-10.0,-10.82,
1763077855916,postgresql,star_db,postgres_db,insert,100,1763077828,474.41,474.41,474.41,-16.1,0.65,
1763077856367,postgresql,star_db,postgres_db,select,100,1763077828,413.72,413.72,413.72,-7.2,60.31,
1763077857179,postgresql,star_db,postgres_db,update,100,1763077828,87.1,87.1,87.1,-24.1,-61.89,
1763077929938,postgresql,star_db,postgres_db,delete,100,1763077828,72122.8,72122.8,72122.8,0.8,149.49,
1763077947458,mongo,star_db,mongo6_db,insert,100,1763077944,34.13,34.13,34.13,10.5,-0.04,
1763077947467,mongo,star_db,mongo6_db,select,100,1763077944,3.39,3.39,3.39,0.0,0.06,
1763077947483,mongo,star_db,mongo6_db,update,100,1763077944,5.66,5.66,5.66,-31.2,3.5,
1763077947496,mongo,star_db,mongo6_db,delete,100,1763077944,4.64,4.64,4.64,-12.5,0.07,
1763077950081,mongo,star_db,mongo8_db,insert,100,1763077944,40.2,40.2,40.2,2.6,-0.19,
1763077950090,mongo,star_db,mongo8_db,select,100,1763077944,3.44,3.44,3.44,0.0,0.0,
1763077950103,mongo,star_db,mongo8_db,update,100,1763077944,5.38,5.38,5.38,-28.6,0.0,
1763077950113,mongo,star_db,mongo8_db,delete,100,1763077944,4.21,4.21,4.21,38.5,0.0,
1763077953884,mysql,star_db,mysql_db,insert,100,1763077944,563.64,563.64,563.64,4.1,215.28,
1763077954738,mysql,star_db,mysql_db,select,100,1763077944,440.99,440.99,440.99,-56.7,16.46,
1763077961566,mysql,star_db,mysql_db,update,100,1763077944,65.73,65.73,65.73,-1.9,-15.64,
1763077968740,mysql,star_db,mysql_db,delete,100,1763077944,227.94,227.94,227.94,-6.7,-15.42,
1763077971707,postgresql,star_db,postgres_db,insert,100,1763077944,470.56,470.56,470.56,2.7,-3.65,
1763077972132,postgresql,star_db,postgres_db,select,100,1763077944,386.15,386.15,386.15,-5.8,1.49,
1763077972904,postgresql,star_db,postgres_db,update,100,1763077944,90.73,90.73,90.73,-9.8,-62.28,
1763078008640,postgresql,star_db,postgres_db,delete,100,1763077944,35104.9,35104.9,35104.9,-2.1,-547.93,
1763078024230,mongo,star_db,mongo6_db,insert,1000,1763078021,56.49,56.49,56.49,34.6,-57.55,
1763078024253,mongo,star_db,mongo6_db,select,1000,1763078021,16.53,16.53,16.53,-50.0,14.72,
1763078024293,mongo,star_db,mongo6_db,update,1000,1763078021,29.15,29.15,29.15,34.4,-1.36,
1763078024323,mongo,star_db,mongo6_db,delete,1000,1763078021,19.77,19.77,19.77,-43.8,0.32,
1763078026913,mongo,star_db,mongo8_db,insert,1000,1763078021,31.22,31.22,31.22,25.4,7.46,
1763078026933,mongo,star_db,mongo8_db,select,1000,1763078021,14.41,14.41,14.41,5.9,1.56,
1763078026980,mongo,star_db,mongo8_db,update,1000,1763078021,37.75,37.75,37.75,-17.4,2.06,
1763078027010,mongo,star_db,mongo8_db,delete,1000,1763078021,21.09,21.09,21.09,4.0,0.69,
1763078035705,mysql,star_db,mysql_db,insert,1000,1763078021,4555.86,4555.86,4555.86,15.9,53.48,
1763078039755,mysql,star_db,mysql_db,select,1000,1763078021,3840.35,3840.35,3840.35,-3.5,213.42,
1763078046763,mysql,star_db,mysql_db,update,1000,1763078021,67.76,67.76,67.76,-0.4,-15.6,
1763078056151,mysql,star_db,mysql_db,delete,1000,1763078021,2814.87,2814.87,2814.87,12.1,78.26,
1763078064268,postgresql,star_db,postgres_db,insert,1000,1763078021,5482.05,5482.05,5482.05,13.8,110.47,
1763078068220,postgresql,star_db,postgres_db,select,1000,1763078021,3892.18,3892.18,3892.18,-19.6,244.6,
1763078069656,postgresql,star_db,postgres_db,update,1000,1763078021,680.3,680.3,680.3,-14.2,-68.96,
1763078420125,postgresql,star_db,postgres_db,delete,1000,1763078021,349795.49,349795.49,349795.49,-6.7,-1816.87,
1763124680491,mongo,star_db,mongo6_db,insert,100,1763124677,38.36,38.36,38.36,4.4,0.05,
1763124680501,mongo,star_db,mongo6_db,select,100,1763124677,2.99,2.99,2.99,14.3,0.06,
1763124680511,mongo,star_db,mongo6_db,update,100,1763124677,4.38,4.38,4.38,0.0,0.0,
1763124680520,mongo,star_db,mongo6_db,delete,100,1763124677,2.6,2.6,2.6,0.0,0.0,
1763124683092,mongo,star_db,mongo8_db,insert,100,1763124677,45.33,45.33,45.33,0.9,-0.07,
1763124683101,mongo,star_db,mongo8_db,select,100,1763124677,4.63,4.63,4.63,-6.2,0.0,
1763124683111,mongo,star_db,mongo8_db,update,100,1763124677,5.38,5.38,5.38,6.2,0.0,
1763124683124,mongo,star_db,mongo8_db,delete,100,1763124677,3.7,3.7,3.7,0.0,0.0,
1763124687158,mysql,star_db,mysql_db,insert,100,1763124677,617.59,617.59,617.59,16.6,2.46,
1763124688067,mysql,star_db,mysql_db,select,100,1763124677,590.0,590.0,590.0,-5.8,72.37,
1763124694743,mysql,star_db,mysql_db,update,100,1763124677,38.46,38.46,38.46,-2.8,-12.2,
1763124695413,mysql,star_db,mysql_db,delete,100,1763124677,658.05,658.05,658.05,36.0,152.53,
1763124698648,postgresql,star_db,postgres_db,insert,100,1763124677,572.79,572.79,572.79,7.2,-29.82,
1763124700801,postgresql,star_db,postgres_db,select,100,1763124677,1767.03,1767.03,1767.03,-8.8,619.2,
1763124701910,postgresql,star_db,postgres_db,update,100,1763124677,99.5,99.5,99.5,-14.7,-66.77,
1763124736464,postgresql,star_db,postgres_db,delete,100,1763124677,34546.09,34546.09,34546.09,7.9,-15.86,
1763124913842,mongo,star_db,mongo6_db,insert,100,1763124911,25.88,25.88,25.88,2.4,-1.37,
1763124913852,mongo,star_db,mongo6_db,select,100,1763124911,5.4,5.4,5.4,-7.1,-0.75,
1763124913862,mongo,star_db,mongo6_db,update,100,1763124911,3.87,3.87,3.87,9.1,0.0,
1763124913871,mongo,star_db,mongo6_db,delete,100,1763124911,2.8,2.8,2.8,0.0,0.0,
1763124916426,mongo,star_db,mongo8_db,insert,100,1763124911,31.2,31.2,31.2,-4.9,-39.05,
1763124916432,mongo,star_db,mongo8_db,select,100,1763124911,2.76,2.76,2.76,0.0,0.0,
1763124916443,mongo,star_db,mongo8_db,update,100,1763124911,5.16,5.16,5.16,6.2,0.0,
1763124916452,mongo,star_db,mongo8_db,delete,100,1763124911,3.25,3.25,3.25,0.0,0.0,
1763124920837,mysql,star_db,mysql_db,insert,100,1763124911,519.81,519.81,519.81,1.6,12.5,
1763124921594,mysql,star_db,mysql_db,select,100,1763124911,526.44,526.44,526.44,3.0,62.43,
1763124928010,mysql,star_db,mysql_db,update,100,1763124911,41.73,41.73,41.73,-4.2,-14.31,
1763124928551,mysql,star_db,mysql_db,delete,100,1763124911,531.34,531.34,531.34,-8.6,10.45,
1763124931578,postgresql,star_db,postgres_db,insert,100,1763124911,526.12,526.12,526.12,-4.2,-14.41,
1763124932078,postgresql,star_db,postgres_db,select,100,1763124911,450.86,450.86,450.86,10.0,89.74,
1763124932871,postgresql,star_db,postgres_db,update,100,1763124911,87.66,87.66,87.66,-13.1,-56.2,
1763124980066,mongo,star_db,mongo6_db,insert,100,1763124977,23.14,23.14,23.14,27.3,5.16,
1763124980076,mongo,star_db,mongo6_db,select,100,1763124977,4.85,4.85,4.85,0.0,0.89,
1763124980090,mongo,star_db,mongo6_db,update,100,1763124977,4.78,4.78,4.78,-70.6,0.01,
1763124980102,mongo,star_db,mongo6_db,delete,100,1763124977,3.2,3.2,3.2,-31.2,0.33,
1763124982691,mongo,star_db,mongo8_db,insert,100,1763124977,48.98,48.98,48.98,-10.1,-7.62,
1763124982699,mongo,star_db,mongo8_db,select,100,1763124977,2.92,2.92,2.92,0.0,0.12,
1763124982710,mongo,star_db,mongo8_db,update,100,1763124977,5.94,5.94,5.94,-10.0,0.32,
1763124982720,mongo,star_db,mongo8_db,delete,100,1763124977,3.18,3.18,3.18,12.5,0.06,
1763124986623,mysql,star_db,mysql_db,insert,100,1763124977,505.81,505.81,505.81,7.0,10.63,
1763124987276,mysql,star_db,mysql_db,select,100,1763124977,449.79,449.79,449.79,-4.1,30.23,
1763124994117,mysql,star_db,mysql_db,update,100,1763124977,42.31,42.31,42.31,-2.7,-20.29,
1763124994689,mysql,star_db,mysql_db,delete,100,1763124977,555.84,555.84,555.84,-15.2,5.96,
1763124997778,postgresql,star_db,postgres_db,insert,100,1763124977,486.19,486.19,486.19,6.1,-0.86,
1763124998229,postgresql,star_db,postgres_db,select,100,1763124977,409.96,409.96,409.96,-3.8,27.0,
1763124998987,postgresql,star_db,postgres_db,update,100,1763124977,87.91,87.91,87.91,-6.0,-43.85,
1763125034755,postgresql,star_db,postgres_db,delete,100,1763124977,35759.78,35759.78,35759.78,5.1,-14.34,
1763201511374,mongo,star_db,mongo6_db,insert,100,1763201508,35.51,35.51,35.51,-3.3,1.22,
1763201511386,mongo,star_db,mongo6_db,select,100,1763201508,4.55,4.55,4.55,0.0,0.44,
1763201511400,mongo,star_db,mongo6_db,update,100,1763201508,7.11,7.11,7.11,-17.6,0.31,
1763201511409,mongo,star_db,mongo6_db,delete,100,1763201508,2.91,2.91,2.91,-26.7,-0.01,
1763201514224,mongo,star_db,mongo8_db,insert,100,1763201508,61.96,61.96,61.96,-14.7,1.23,
1763201514233,mongo,star_db,mongo8_db,select,100,1763201508,4.45,4.45,4.45,15.4,0.44,
1763201514248,mongo,star_db,mongo8_db,update,100,1763201508,8.1,8.1,8.1,22.2,0.5,
1763201514260,mongo,star_db,mongo8_db,delete,100,1763201508,4.94,4.94,4.94,0.0,1.06,
1763201518491,mysql,star_db,mysql_db,insert,100,1763201508,552.56,552.56,552.56,9.7,6.96,
1763201519400,mysql,star_db,mysql_db,select,100,1763201508,586.11,586.11,586.11,3.0,61.39,
1763201526460,mysql,star_db,mysql_db,update,100,1763201508,37.4,37.4,37.4,-11.9,-16.09,
1763201534453,mysql,star_db,mysql_db,delete,100,1763201508,294.93,294.93,294.93,-16.1,-3.23,
1763201537608,postgresql,star_db,postgres_db,insert,100,1763201508,555.04,555.04,555.04,-5.8,13.5,
1763201539699,postgresql,star_db,postgres_db,select,100,1763201508,1723.98,1723.98,1723.98,1.0,563.08,
1763201540797,postgresql,star_db,postgres_db,update,100,1763201508,91.46,91.46,91.46,-21.3,-50.32,
1763201577367,postgresql,star_db,postgres_db,delete,100,1763201508,35888.87,35888.87,35888.87,0.3,65.55,
